stream,benchmark_block,run_id,method,order,n_warmup,n_timed,mean_ns,median_ns,p95_ns,p99_ns,sd_ns,rss_before_bytes,rss_after_bytes,peak_rss_bytes,temp_before_c,temp_after_c,cpu_freq_before_hz,cpu_freq_after_hz,throttle_before,throttle_after,raw_array_path,source_hash,policy_hash,valid,failure_reason
exhaustive_324,1,p1b-r1-exhaustive_324-b01-CFSM,CFSM,1,1000,10000,6198.7559,6130.0,6537.0,6666.0,710.1779910649789,302301184,302309376,302608384,32.128,32.128,"[1800000000, 1800000000, 1800000000, 1800000000]","[1800000000, 1800000000, 1800000000, 1800000000]",throttled=0x0,throttled=0x0,corrected_replacement/raw/block-01-exhaustive_324-CFSM.npy,6c77bd6d5c1867c5ec2f156f8ecbdd3826f717b2ea75b37b4c91e4f7f7b72390,,true,
exhaustive_324,1,p1b-r1-exhaustive_324-b01-Tabular-Q,Tabular-Q,2,1000,10000,10543.934,10500.0,10722.0,10889.0,828.4772861734778,302706688,302706688,302608384,32.615,31.641,"[1800000000, 1800000000, 1800000000, 1800000000]","[1800000000, 1800000000, 1800000000, 1800000000]",throttled=0x0,throttled=0x0,corrected_replacement/raw/block-01-exhaustive_324-Tabular-Q.npy,6c77bd6d5c1867c5ec2f156f8ecbdd3826f717b2ea75b37b4c91e4f7f7b72390,a89c52c9839fe4c97bbd81cdc97cd9d4bd58c9dab8a42dda728c225855501c17,true,
exhaustive_324,1,p1b-r1-exhaustive_324-b01-DQN,DQN,3,1000,10000,1522790.5835,1507786.0,1581843.7,1625009.03,56563.087849131174,309714944,309719040,309530624,35.05,39.92,"[1800000000, 1800000000, 1800000000, 1800000000]","[1800000000, 1800000000, 1800000000, 1800000000]",throttled=0x0,throttled=0x0,corrected_replacement/raw/block-01-exhaustive_324-DQN.npy,6c77bd6d5c1867c5ec2f156f8ecbdd3826f717b2ea75b37b4c91e4f7f7b72390,123c380bb3d78c9ac8d34614eb1f0fcc30caaee79b420a78652f39c90a88a471,true,
exhaustive_324,1,p1b-r1-exhaustive_324-b01-Static-LightLR,Static-LightLR,4,1000,10000,652.6748,648.0,704.0,852.0,230.44397299002796,309719040,309719040,309530624,39.92,39.92,"[1800000000, 1800000000, 1800000000, 1800000000]","[1800000000, 1800000000, 1800000000, 1800000000]",throttled=0x0,throttled=0x0,corrected_replacement/raw/block-01-exhaustive_324-Static-LightLR.npy,6c77bd6d5c1867c5ec2f156f8ecbdd3826f717b2ea75b37b4c91e4f7f7b72390,,true,
observed_support,1,p1b-r1-observed_support-b01-CFSM,CFSM,1,1000,10000,6596.303,6555.0,6907.0,7093.170000000004,1174.2927129675006,309719040,309723136,309530624,39.92,40.407,"[1800000000, 1800000000, 1800000000, 1800000000]","[1800000000, 1800000000, 1800000000, 1800000000]",throttled=0x0,throttled=0x0,corrected_replacement/raw/block-01-observed_support-CFSM.npy,6c77bd6d5c1867c5ec2f156f8ecbdd3826f717b2ea75b37b4c91e4f7f7b72390,,true,
observed_support,1,p1b-r1-observed_support-b01-Tabular-Q,Tabular-Q,2,1000,10000,10744.6731,10703.0,10981.0,11185.0,757.926912938791,309723136,309723136,309530624,39.433,39.433,"[1800000000, 1800000000, 1800000000, 1800000000]","[1800000000, 1800000000, 1800000000, 1800000000]",throttled=0x0,throttled=0x0,corrected_replacement/raw/block-01-observed_support-Tabular-Q.npy,6c77bd6d5c1867c5ec2f156f8ecbdd3826f717b2ea75b37b4c91e4f7f7b72390,a89c52c9839fe4c97bbd81cdc97cd9d4bd58c9dab8a42dda728c225855501c17,true,
observed_support,1,p1b-r1-observed_support-b01-DQN,DQN,3,1000,10000,1528757.4931,1504120.0,1580081.95,1844195.9700000007,164485.1397434096,309723136,309723136,309530624,39.433,42.842,"[1800000000, 1800000000, 1800000000, 1800000000]","[1800000000, 1800000000, 1800000000, 1800000000]",throttled=0x0,throttled=0x0,corrected_replacement/raw/block-01-observed_support-DQN.npy,6c77bd6d5c1867c5ec2f156f8ecbdd3826f717b2ea75b37b4c91e4f7f7b72390,123c380bb3d78c9ac8d34614eb1f0fcc30caaee79b420a78652f39c90a88a471,true,
observed_support,1,p1b-r1-observed_support-b01-Static-LightLR,Static-LightLR,4,1000,10000,700.1365,666.0,907.0,1056.0,426.330704330213,309723136,309723136,309530624,42.842,41.868,"[1800000000, 1800000000, 1800000000, 1800000000]","[1800000000, 1800000000, 1800000000, 1800000000]",throttled=0x0,throttled=0x0,corrected_replacement/raw/block-01-observed_support-Static-LightLR.npy,6c77bd6d5c1867c5ec2f156f8ecbdd3826f717b2ea75b37b4c91e4f7f7b72390,,true,
exhaustive_324,2,p1b-r1-exhaustive_324-b02-DQN,DQN,1,1000,10000,1506800.4062,1494814.0,1566692.0,1583267.36,39460.78258727317,309727232,309727232,309530624,42.842,45.277,"[1800000000, 1800000000, 1800000000, 1800000000]","[1800000000, 1800000000, 1800000000, 1800000000]",throttled=0x0,throttled=0x0,corrected_replacement/raw/block-02-exhaustive_324-DQN.npy,6c77bd6d5c1867c5ec2f156f8ecbdd3826f717b2ea75b37b4c91e4f7f7b72390,123c380bb3d78c9ac8d34614eb1f0fcc30caaee79b420a78652f39c90a88a471,true,
exhaustive_324,2,p1b-r1-exhaustive_324-b02-Static-LightLR,Static-LightLR,2,1000,10000,650.8365,648.0,703.0,833.0100000000002,289.4106166301641,309727232,309727232,309530624,45.277,43.329,"[1800000000, 1800000000, 1800000000, 1800000000]","[1800000000, 1800000000, 1800000000, 1800000000]",throttled=0x0,throttled=0x0,corrected_replacement/raw/block-02-exhaustive_324-Static-LightLR.npy,6c77bd6d5c1867c5ec2f156f8ecbdd3826f717b2ea75b37b4c91e4f7f7b72390,,true,
exhaustive_324,2,p1b-r1-exhaustive_324-b02-CFSM,CFSM,3,1000,10000,6224.8519,6148.0,6593.0,6722.0,847.0657714773456,309727232,309727232,309530624,43.329,43.816,"[1800000000, 1800000000, 1800000000, 1800000000]","[1800000000, 1800000000, 1800000000, 1800000000]",throttled=0x0,throttled=0x0,corrected_replacement/raw/block-02-exhaustive_324-CFSM.npy,6c77bd6d5c1867c5ec2f156f8ecbdd3826f717b2ea75b37b4c91e4f7f7b72390,,true,
exhaustive_324,2,p1b-r1-exhaustive_324-b02-Tabular-Q,Tabular-Q,4,1000,10000,10549.2125,10500.0,10759.0,11056.170000000004,724.5011937476183,309727232,309727232,309530624,42.355,43.329,"[1800000000, 1800000000, 1800000000, 1800000000]","[1800000000, 1800000000, 1800000000, 1800000000]",throttled=0x0,throttled=0x0,corrected_replacement/raw/block-02-exhaustive_324-Tabular-Q.npy,6c77bd6d5c1867c5ec2f156f8ecbdd3826f717b2ea75b37b4c91e4f7f7b72390,a89c52c9839fe4c97bbd81cdc97cd9d4bd58c9dab8a42dda728c225855501c17,true,
observed_support,2,p1b-r1-observed_support-b02-DQN,DQN,1,1000,10000,1529115.2651,1515203.0,1587395.0,1607640.26,46128.101925478644,309727232,309727232,309530624,44.303,45.764,"[1800000000, 1800000000, 1800000000, 1800000000]","[1800000000, 1800000000, 1800000000, 1800000000]",throttled=0x0,throttled=0x0,corrected_replacement/raw/block-02-observed_support-DQN.npy,6c77bd6d5c1867c5ec2f156f8ecbdd3826f717b2ea75b37b4c91e4f7f7b72390,123c380bb3d78c9ac8d34614eb1f0fcc30caaee79b420a78652f39c90a88a471,true,
observed_support,2,p1b-r1-observed_support-b02-Static-LightLR,Static-LightLR,2,1000,10000,928.751,944.0,1130.0,1296.0,226.52013362192247,309727232,309727232,309530624,45.764,45.764,"[1800000000, 1800000000, 1800000000, 1800000000]","[1800000000, 1800000000, 1800000000, 1800000000]",throttled=0x0,throttled=0x0,corrected_replacement/raw/block-02-observed_support-Static-LightLR.npy,6c77bd6d5c1867c5ec2f156f8ecbdd3826f717b2ea75b37b4c91e4f7f7b72390,,true,
observed_support,2,p1b-r1-observed_support-b02-CFSM,CFSM,3,1000,10000,6627.8086,6592.0,6944.0,7129.0,812.6957382700738,309727232,309727232,309530624,45.277,44.303,"[1800000000, 1800000000, 1800000000, 1800000000]","[1800000000, 1800000000, 1800000000, 1800000000]",throttled=0x0,throttled=0x0,corrected_replacement/raw/block-02-observed_support-CFSM.npy,6c77bd6d5c1867c5ec2f156f8ecbdd3826f717b2ea75b37b4c91e4f7f7b72390,,true,
observed_support,2,p1b-r1-observed_support-b02-Tabular-Q,Tabular-Q,4,1000,10000,10866.6602,10815.0,11093.0,11314.01,1029.3566181070016,309727232,309727232,309530624,44.79,44.303,"[1800000000, 1800000000, 1800000000, 1800000000]","[1800000000, 1800000000, 1800000000, 1800000000]",throttled=0x0,throttled=0x0,corrected_replacement/raw/block-02-observed_support-Tabular-Q.npy,6c77bd6d5c1867c5ec2f156f8ecbdd3826f717b2ea75b37b4c91e4f7f7b72390,a89c52c9839fe4c97bbd81cdc97cd9d4bd58c9dab8a42dda728c225855501c17,true,
exhaustive_324,3,p1b-r1-exhaustive_324-b03-CFSM,CFSM,1,1000,10000,6322.8657,6259.0,6703.0,6814.0,612.9999657090576,309727232,309727232,309530624,44.303,44.79,"[1800000000, 1800000000, 1800000000, 1800000000]","[1800000000, 1800000000, 1800000000, 1800000000]",throttled=0x0,throttled=0x0,corrected_replacement/raw/block-03-exhaustive_324-CFSM.npy,6c77bd6d5c1867c5ec2f156f8ecbdd3826f717b2ea75b37b4c91e4f7f7b72390,,true,
exhaustive_324,3,p1b-r1-exhaustive_324-b03-DQN,DQN,2,1000,10000,1516833.9684,1503554.5,1576156.0,1602271.1800000002,43770.545054251226,309727232,309727232,309530624,45.764,48.199,"[1800000000, 1800000000, 1800000000, 1800000000]","[1800000000, 1800000000, 1800000000, 1800000000]",throttled=0x0,throttled=0x0,corrected_replacement/raw/block-03-exhaustive_324-DQN.npy,6c77bd6d5c1867c5ec2f156f8ecbdd3826f717b2ea75b37b4c91e4f7f7b72390,123c380bb3d78c9ac8d34614eb1f0fcc30caaee79b420a78652f39c90a88a471,true,
exhaustive_324,3,p1b-r1-exhaustive_324-b03-Tabular-Q,Tabular-Q,3,1000,10000,10460.7803,10408.0,10667.0,11000.0,683.7623886499778,309727232,309727232,309530624,46.738,45.764,"[1800000000, 1800000000, 1800000000, 1800000000]","[1800000000, 1800000000, 1800000000, 1800000000]",throttled=0x0,throttled=0x0,corrected_replacement/raw/block-03-exhaustive_324-Tabular-Q.npy,6c77bd6d5c1867c5ec2f156f8ecbdd3826f717b2ea75b37b4c91e4f7f7b72390,a89c52c9839fe4c97bbd81cdc97cd9d4bd58c9dab8a42dda728c225855501c17,true,
exhaustive_324,3,p1b-r1-exhaustive_324-b03-Static-LightLR,Static-LightLR,4,1000,10000,664.2256,666.0,722.0,852.1800000000039,138.9724117865261,309727232,309727232,309530624,45.764,44.303,"[1800000000, 1800000000, 1800000000, 1800000000]","[1800000000, 1800000000, 1800000000, 1800000000]",throttled=0x0,throttled=0x0,corrected_replacement/raw/block-03-exhaustive_324-Static-LightLR.npy,6c77bd6d5c1867c5ec2f156f8ecbdd3826f717b2ea75b37b4c91e4f7f7b72390,,true,
observed_support,3,p1b-r1-observed_support-b03-CFSM,CFSM,1,1000,10000,6637.8758,6611.0,6981.0,7185.0,734.458074665058,309727232,309727232,309530624,45.764,44.79,"[1800000000, 1800000000, 1800000000, 1800000000]","[1800000000, 1800000000, 1800000000, 1800000000]",throttled=0x0,throttled=0x0,corrected_replacement/raw/block-03-observed_support-CFSM.npy,6c77bd6d5c1867c5ec2f156f8ecbdd3826f717b2ea75b37b4c91e4f7f7b72390,,true,
observed_support,3,p1b-r1-observed_support-b03-DQN,DQN,2,1000,10000,1543656.8489,1533249.0,1606136.9,1635265.37,44934.40836594589,309727232,309727232,309530624,47.712,46.738,"[1800000000, 1800000000, 1800000000, 1800000000]","[1800000000, 1800000000, 1800000000, 1800000000]",throttled=0x0,throttled=0x0,corrected_replacement/raw/block-03-observed_support-DQN.npy,6c77bd6d5c1867c5ec2f156f8ecbdd3826f717b2ea75b37b4c91e4f7f7b72390,123c380bb3d78c9ac8d34614eb1f0fcc30caaee79b420a78652f39c90a88a471,true,
observed_support,3,p1b-r1-observed_support-b03-Tabular-Q,Tabular-Q,3,1000,10000,10858.5566,10814.0,11111.0,11334.170000000004,766.2454969607332,309727232,309727232,309530624,47.225,46.738,"[1800000000, 1800000000, 1800000000, 1800000000]","[1800000000, 1800000000, 1800000000, 1800000000]",throttled=0x0,throttled=0x0,corrected_replacement/raw/block-03-observed_support-Tabular-Q.npy,6c77bd6d5c1867c5ec2f156f8ecbdd3826f717b2ea75b37b4c91e4f7f7b72390,a89c52c9839fe4c97bbd81cdc97cd9d4bd58c9dab8a42dda728c225855501c17,true,
observed_support,3,p1b-r1-observed_support-b03-Static-LightLR,Static-LightLR,4,1000,10000,767.4737,777.0,945.0,1093.0,377.45637289580105,309727232,309727232,309530624,47.225,46.738,"[1800000000, 1800000000, 1800000000, 1800000000]","[1800000000, 1800000000, 1800000000, 1800000000]",throttled=0x0,throttled=0x0,corrected_replacement/raw/block-03-observed_support-Static-LightLR.npy,6c77bd6d5c1867c5ec2f156f8ecbdd3826f717b2ea75b37b4c91e4f7f7b72390,,true,
exhaustive_324,4,p1b-r1-exhaustive_324-b04-Static-LightLR,Static-LightLR,1,1000,10000,664.3973,666.0,723.0,833.0100000000002,187.93936727915025,309727232,309727232,309530624,46.738,45.764,"[1800000000, 1800000000, 1800000000, 1800000000]","[1800000000, 1800000000, 1800000000, 1800000000]",throttled=0x0,throttled=0x0,corrected_replacement/raw/block-04-exhaustive_324-Static-LightLR.npy,6c77bd6d5c1867c5ec2f156f8ecbdd3826f717b2ea75b37b4c91e4f7f7b72390,,true,
exhaustive_324,4,p1b-r1-exhaustive_324-b04-CFSM,CFSM,2,1000,10000,6286.5523,6223.0,6648.0,6759.0,587.9161174868658,309727232,309727232,309530624,46.251,46.738,"[1800000000, 1800000000, 1800000000, 1800000000]","[1800000000, 1800000000, 1800000000, 1800000000]",throttled=0x0,throttled=0x0,corrected_replacement/raw/block-04-exhaustive_324-CFSM.npy,6c77bd6d5c1867c5ec2f156f8ecbdd3826f717b2ea75b37b4c91e4f7f7b72390,,true,
exhaustive_324,4,p1b-r1-exhaustive_324-b04-DQN,DQN,3,1000,10000,1527930.6298,1514249.0,1585784.0,1611655.12,52226.16880559365,309727232,309727232,309530624,47.225,48.686,"[1800000000, 1800000000, 1800000000, 1800000000]","[1800000000, 1800000000, 1800000000, 1800000000]",throttled=0x0,throttled=0x0,corrected_replacement/raw/block-04-exhaustive_324-DQN.npy,6c77bd6d5c1867c5ec2f156f8ecbdd3826f717b2ea75b37b4c91e4f7f7b72390,123c380bb3d78c9ac8d34614eb1f0fcc30caaee79b420a78652f39c90a88a471,true,
exhaustive_324,4,p1b-r1-exhaustive_324-b04-Tabular-Q,Tabular-Q,4,1000,10000,10425.5935,10388.0,10648.0,10907.0,704.5234380666327,309727232,309727232,309530624,48.686,46.738,"[1800000000, 1800000000, 1800000000, 1800000000]","[1800000000, 1800000000, 1800000000, 1800000000]",throttled=0x0,throttled=0x0,corrected_replacement/raw/block-04-exhaustive_324-Tabular-Q.npy,6c77bd6d5c1867c5ec2f156f8ecbdd3826f717b2ea75b37b4c91e4f7f7b72390,a89c52c9839fe4c97bbd81cdc97cd9d4bd58c9dab8a42dda728c225855501c17,true,
observed_support,4,p1b-r1-observed_support-b04-Static-LightLR,Static-LightLR,1,1000,10000,744.233,704.0,963.0,1111.0,262.8370948797839,309727232,309727232,309530624,46.738,46.738,"[1800000000, 1800000000, 1800000000, 1800000000]","[1800000000, 1800000000, 1800000000, 1800000000]",throttled=0x0,throttled=0x0,corrected_replacement/raw/block-04-observed_support-Static-LightLR.npy,6c77bd6d5c1867c5ec2f156f8ecbdd3826f717b2ea75b37b4c91e4f7f7b72390,,true,
observed_support,4,p1b-r1-observed_support-b04-CFSM,CFSM,2,1000,10000,6589.4149,6555.0,6981.0,7167.0,617.111945981746,309727232,309727232,309530624,46.738,47.225,"[1800000000, 1800000000, 1800000000, 1800000000]","[1800000000, 1800000000, 1800000000, 1800000000]",throttled=0x0,throttled=0x0,corrected_replacement/raw/block-04-observed_support-CFSM.npy,6c77bd6d5c1867c5ec2f156f8ecbdd3826f717b2ea75b37b4c91e4f7f7b72390,,true,
observed_support,4,p1b-r1-observed_support-b04-DQN,DQN,3,1000,10000,1550145.3301,1540896.5,1618358.0,1643043.12,41682.73815966008,309727232,309727232,309530624,48.686,50.147,"[1800000000, 1800000000, 1800000000, 1800000000]","[1800000000, 1800000000, 1800000000, 1800000000]",throttled=0x0,throttled=0x0,corrected_replacement/raw/block-04-observed_support-DQN.npy,6c77bd6d5c1867c5ec2f156f8ecbdd3826f717b2ea75b37b4c91e4f7f7b72390,123c380bb3d78c9ac8d34614eb1f0fcc30caaee79b420a78652f39c90a88a471,true,
observed_support,4,p1b-r1-observed_support-b04-Tabular-Q,Tabular-Q,4,1000,10000,10964.6691,10907.0,11222.0,11462.0,963.5307558957035,309727232,309727232,309530624,49.66,48.199,"[1800000000, 1800000000, 1800000000, 1800000000]","[1800000000, 1800000000, 1800000000, 1800000000]",throttled=0x0,throttled=0x0,corrected_replacement/raw/block-04-observed_support-Tabular-Q.npy,6c77bd6d5c1867c5ec2f156f8ecbdd3826f717b2ea75b37b4c91e4f7f7b72390,a89c52c9839fe4c97bbd81cdc97cd9d4bd58c9dab8a42dda728c225855501c17,true,
exhaustive_324,5,p1b-r1-exhaustive_324-b05-Static-LightLR,Static-LightLR,1,1000,10000,678.9086,667.0,740.0,852.0,131.9831368049725,309727232,309727232,309530624,48.199,48.199,"[1800000000, 1800000000, 1800000000, 1800000000]","[1800000000, 1800000000, 1800000000, 1800000000]",throttled=0x0,throttled=0x0,corrected_replacement/raw/block-05-exhaustive_324-Static-LightLR.npy,6c77bd6d5c1867c5ec2f156f8ecbdd3826f717b2ea75b37b4c91e4f7f7b72390,,true,
exhaustive_324,5,p1b-r1-exhaustive_324-b05-DQN,DQN,2,1000,10000,1561001.223,1552748.5,1630118.8499999999,1656876.92,43288.85286711495,309727232,309727232,309530624,48.686,50.147,"[1800000000, 1800000000, 1800000000, 1800000000]","[1800000000, 1800000000, 1800000000, 1800000000]",throttled=0x0,throttled=0x0,corrected_replacement/raw/block-05-exhaustive_324-DQN.npy,6c77bd6d5c1867c5ec2f156f8ecbdd3826f717b2ea75b37b4c91e4f7f7b72390,123c380bb3d78c9ac8d34614eb1f0fcc30caaee79b420a78652f39c90a88a471,true,
exhaustive_324,5,p1b-r1-exhaustive_324-b05-Tabular-Q,Tabular-Q,3,1000,10000,10492.0849,10444.0,10666.0,10963.0,796.3410771793141,309727232,309727232,309530624,51.121,48.199,"[1800000000, 1800000000, 1800000000, 1800000000]","[1800000000, 1800000000, 1800000000, 1800000000]",throttled=0x0,throttled=0x0,corrected_replacement/raw/block-05-exhaustive_324-Tabular-Q.npy,6c77bd6d5c1867c5ec2f156f8ecbdd3826f717b2ea75b37b4c91e4f7f7b72390,a89c52c9839fe4c97bbd81cdc97cd9d4bd58c9dab8a42dda728c225855501c17,true,
exhaustive_324,5,p1b-r1-exhaustive_324-b05-CFSM,CFSM,4,1000,10000,6277.7116,6222.0,6593.0,6722.0,550.7202886303272,309727232,309727232,309530624,48.199,47.712,"[1800000000, 1800000000, 1800000000, 1800000000]","[1800000000, 1800000000, 1800000000, 1800000000]",throttled=0x0,throttled=0x0,corrected_replacement/raw/block-05-exhaustive_324-CFSM.npy,6c77bd6d5c1867c5ec2f156f8ecbdd3826f717b2ea75b37b4c91e4f7f7b72390,,true,
observed_support,5,p1b-r1-observed_support-b05-Static-LightLR,Static-LightLR,1,1000,10000,784.5042,759.0,1018.0,1167.0,350.30845948112415,309727232,309731328,309530624,48.199,47.712,"[1800000000, 1800000000, 1800000000, 1800000000]","[1800000000, 1800000000, 1800000000, 1800000000]",throttled=0x0,throttled=0x0,corrected_replacement/raw/block-05-observed_support-Static-LightLR.npy,6c77bd6d5c1867c5ec2f156f8ecbdd3826f717b2ea75b37b4c91e4f7f7b72390,,true,
observed_support,5,p1b-r1-observed_support-b05-DQN,DQN,2,1000,10000,1560735.8707,1550711.0,1629489.8,1658562.48,57109.08352714577,309731328,309731328,309530624,49.66,50.147,"[1800000000, 1800000000, 1800000000, 1800000000]","[1800000000, 1800000000, 1800000000, 1800000000]",throttled=0x0,throttled=0x0,corrected_replacement/raw/block-05-observed_support-DQN.npy,6c77bd6d5c1867c5ec2f156f8ecbdd3826f717b2ea75b37b4c91e4f7f7b72390,123c380bb3d78c9ac8d34614eb1f0fcc30caaee79b420a78652f39c90a88a471,true,
observed_support,5,p1b-r1-observed_support-b05-Tabular-Q,Tabular-Q,3,1000,10000,10893.0963,10833.0,11166.0,11389.180000000004,843.3855920941531,309731328,309731328,309530624,49.66,49.66,"[1800000000, 1800000000, 1800000000, 1800000000]","[1800000000, 1800000000, 1800000000, 1800000000]",throttled=0x0,throttled=0x0,corrected_replacement/raw/block-05-observed_support-Tabular-Q.npy,6c77bd6d5c1867c5ec2f156f8ecbdd3826f717b2ea75b37b4c91e4f7f7b72390,a89c52c9839fe4c97bbd81cdc97cd9d4bd58c9dab8a42dda728c225855501c17,true,
observed_support,5,p1b-r1-observed_support-b05-CFSM,CFSM,4,1000,10000,6518.6442,6463.0,6889.0,7148.0,807.250599231339,309731328,309731328,309530624,49.66,48.686,"[1800000000, 1800000000, 1800000000, 1800000000]","[1800000000, 1800000000, 1800000000, 1800000000]",throttled=0x0,throttled=0x0,corrected_replacement/raw/block-05-observed_support-CFSM.npy,6c77bd6d5c1867c5ec2f156f8ecbdd3826f717b2ea75b37b4c91e4f7f7b72390,,true,
exhaustive_324,6,p1b-r1-exhaustive_324-b06-Tabular-Q,Tabular-Q,1,1000,10000,10450.0513,10407.0,10666.0,10963.0,685.3838158038213,309731328,309731328,309530624,48.686,48.686,"[1800000000, 1800000000, 1800000000, 1800000000]","[1800000000, 1800000000, 1800000000, 1800000000]",throttled=0x0,throttled=0x0,corrected_replacement/raw/block-06-exhaustive_324-Tabular-Q.npy,6c77bd6d5c1867c5ec2f156f8ecbdd3826f717b2ea75b37b4c91e4f7f7b72390,a89c52c9839fe4c97bbd81cdc97cd9d4bd58c9dab8a42dda728c225855501c17,true,
exhaustive_324,6,p1b-r1-exhaustive_324-b06-Static-LightLR,Static-LightLR,2,1000,10000,656.5864,648.0,704.0,834.0,234.99593580320578,309731328,309731328,309530624,48.686,49.173,"[1800000000, 1800000000, 1800000000, 1800000000]","[1800000000, 1800000000, 1800000000, 1800000000]",throttled=0x0,throttled=0x0,corrected_replacement/raw/block-06-exhaustive_324-Static-LightLR.npy,6c77bd6d5c1867c5ec2f156f8ecbdd3826f717b2ea75b37b4c91e4f7f7b72390,,true,
exhaustive_324,6,p1b-r1-exhaustive_324-b06-DQN,DQN,3,1000,10000,1577876.015,1549276.0,1628655.9,1696433.4800000004,285096.88417233055,309731328,309731328,309530624,51.121,50.147,"[1800000000, 1800000000, 1800000000, 1800000000]","[1800000000, 1800000000, 1800000000, 1800000000]",throttled=0x0,throttled=0x0,corrected_replacement/raw/block-06-exhaustive_324-DQN.npy,6c77bd6d5c1867c5ec2f156f8ecbdd3826f717b2ea75b37b4c91e4f7f7b72390,123c380bb3d78c9ac8d34614eb1f0fcc30caaee79b420a78652f39c90a88a471,true,
exhaustive_324,6,p1b-r1-exhaustive_324-b06-CFSM,CFSM,4,1000,10000,6261.1017,6186.0,6666.0,6759.0,596.0088811550979,309731328,309731328,309530624,50.147,49.66,"[1800000000, 1800000000, 1800000000, 1800000000]","[1800000000, 1800000000, 1800000000, 1800000000]",throttled=0x0,throttled=0x0,corrected_replacement/raw/block-06-exhaustive_324-CFSM.npy,6c77bd6d5c1867c5ec2f156f8ecbdd3826f717b2ea75b37b4c91e4f7f7b72390,,true,
observed_support,6,p1b-r1-observed_support-b06-Tabular-Q,Tabular-Q,1,1000,10000,10809.0227,10759.0,11074.0,11333.0,780.7771984939615,309731328,309731328,309530624,49.173,49.173,"[1800000000, 1800000000, 1800000000, 1800000000]","[1800000000, 1800000000, 1800000000, 1800000000]",throttled=0x0,throttled=0x0,corrected_replacement/raw/block-06-observed_support-Tabular-Q.npy,6c77bd6d5c1867c5ec2f156f8ecbdd3826f717b2ea75b37b4c91e4f7f7b72390,a89c52c9839fe4c97bbd81cdc97cd9d4bd58c9dab8a42dda728c225855501c17,true,
observed_support,6,p1b-r1-observed_support-b06-Static-LightLR,Static-LightLR,2,1000,10000,734.3033,686.0,944.0,1093.0,472.88822298324754,309731328,309731328,309530624,49.173,49.173,"[1800000000, 1800000000, 1800000000, 1800000000]","[1800000000, 1800000000, 1800000000, 1800000000]",throttled=0x0,throttled=0x0,corrected_replacement/raw/block-06-observed_support-Static-LightLR.npy,6c77bd6d5c1867c5ec2f156f8ecbdd3826f717b2ea75b37b4c91e4f7f7b72390,,true,
observed_support,6,p1b-r1-observed_support-b06-DQN,DQN,3,1000,10000,1565054.2955,1553202.0,1631988.0,1665270.7400000002,54200.27815618478,309731328,309731328,309530624,50.634,50.634,"[1800000000, 1800000000, 1800000000, 1800000000]","[1800000000, 1800000000, 1800000000, 1800000000]",throttled=0x0,throttled=0x0,corrected_replacement/raw/block-06-observed_support-DQN.npy,6c77bd6d5c1867c5ec2f156f8ecbdd3826f717b2ea75b37b4c91e4f7f7b72390,123c380bb3d78c9ac8d34614eb1f0fcc30caaee79b420a78652f39c90a88a471,true,
observed_support,6,p1b-r1-observed_support-b06-CFSM,CFSM,4,1000,10000,6601.3359,6574.0,6926.0,7148.0,766.4302430116719,309731328,309731328,309530624,50.634,50.634,"[1800000000, 1800000000, 1800000000, 1800000000]","[1800000000, 1800000000, 1800000000, 1800000000]",throttled=0x0,throttled=0x0,corrected_replacement/raw/block-06-observed_support-CFSM.npy,6c77bd6d5c1867c5ec2f156f8ecbdd3826f717b2ea75b37b4c91e4f7f7b72390,,true,
exhaustive_324,7,p1b-r1-exhaustive_324-b07-Static-LightLR,Static-LightLR,1,1000,10000,662.1157,648.0,722.0,852.0,267.2868327071198,309731328,309731328,309530624,48.686,50.147,"[1800000000, 1800000000, 1800000000, 1800000000]","[1800000000, 1800000000, 1800000000, 1800000000]",throttled=0x0,throttled=0x0,corrected_replacement/raw/block-07-exhaustive_324-Static-LightLR.npy,6c77bd6d5c1867c5ec2f156f8ecbdd3826f717b2ea75b37b4c91e4f7f7b72390,,true,
exhaustive_324,7,p1b-r1-exhaustive_324-b07-Tabular-Q,Tabular-Q,2,1000,10000,10495.5729,10444.0,10722.0,11111.180000000004,901.1625983630582,309731328,309731328,309530624,50.634,49.66,"[1800000000, 1800000000, 1800000000, 1800000000]","[1800000000, 1800000000, 1800000000, 1800000000]",throttled=0x0,throttled=0x0,corrected_replacement/raw/block-07-exhaustive_324-Tabular-Q.npy,6c77bd6d5c1867c5ec2f156f8ecbdd3826f717b2ea75b37b4c91e4f7f7b72390,a89c52c9839fe4c97bbd81cdc97cd9d4bd58c9dab8a42dda728c225855501c17,true,
exhaustive_324,7,p1b-r1-exhaustive_324-b07-DQN,DQN,3,1000,10000,1563177.3728,1553544.0,1629025.9,1649395.36,46226.605043630516,309731328,309731328,309530624,51.121,50.147,"[1800000000, 1800000000, 1800000000, 1800000000]","[1800000000, 1800000000, 1800000000, 1800000000]",throttled=0x0,throttled=0x0,corrected_replacement/raw/block-07-exhaustive_324-DQN.npy,6c77bd6d5c1867c5ec2f156f8ecbdd3826f717b2ea75b37b4c91e4f7f7b72390,123c380bb3d78c9ac8d34614eb1f0fcc30caaee79b420a78652f39c90a88a471,true,
exhaustive_324,7,p1b-r1-exhaustive_324-b07-CFSM,CFSM,4,1000,10000,6310.8142,6259.0,6667.0,6796.0,521.5425564056823,309731328,309731328,309530624,51.121,49.66,"[1800000000, 1800000000, 1800000000, 1800000000]","[1800000000, 1800000000, 1800000000, 1800000000]",throttled=0x0,throttled=0x0,corrected_replacement/raw/block-07-exhaustive_324-CFSM.npy,6c77bd6d5c1867c5ec2f156f8ecbdd3826f717b2ea75b37b4c91e4f7f7b72390,,true,
observed_support,7,p1b-r1-observed_support-b07-Static-LightLR,Static-LightLR,1,1000,10000,740.7826,704.0,963.0,1148.0,326.9445231371233,309735424,309735424,309530624,49.66,50.147,"[1800000000, 1800000000, 1800000000, 1800000000]","[1800000000, 1800000000, 1800000000, 1800000000]",throttled=0x0,throttled=0x0,corrected_replacement/raw/block-07-observed_support-Static-LightLR.npy,6c77bd6d5c1867c5ec2f156f8ecbdd3826f717b2ea75b37b4c91e4f7f7b72390,,true,
observed_support,7,p1b-r1-observed_support-b07-Tabular-Q,Tabular-Q,2,1000,10000,10874.8318,10815.0,11111.0,11370.0,852.2901728652257,309735424,309735424,309530624,50.147,50.634,"[1800000000, 1800000000, 1800000000, 1800000000]","[1800000000, 1800000000, 1800000000, 1800000000]",throttled=0x0,throttled=0x0,corrected_replacement/raw/block-07-observed_support-Tabular-Q.npy,6c77bd6d5c1867c5ec2f156f8ecbdd3826f717b2ea75b37b4c91e4f7f7b72390,a89c52c9839fe4c97bbd81cdc97cd9d4bd58c9dab8a42dda728c225855501c17,true,
observed_support,7,p1b-r1-observed_support-b07-DQN,DQN,3,1000,10000,1571830.3286,1561628.0,1640378.8,1661135.18,48046.04965691129,309735424,309735424,309530624,51.608,51.121,"[1800000000, 1800000000, 1800000000, 1800000000]","[1800000000, 1800000000, 1800000000, 1800000000]",throttled=0x0,throttled=0x0,corrected_replacement/raw/block-07-observed_support-DQN.npy,6c77bd6d5c1867c5ec2f156f8ecbdd3826f717b2ea75b37b4c91e4f7f7b72390,123c380bb3d78c9ac8d34614eb1f0fcc30caaee79b420a78652f39c90a88a471,true,
observed_support,7,p1b-r1-observed_support-b07-CFSM,CFSM,4,1000,10000,6591.2572,6555.0,6963.0,7185.0,670.8778463749087,309735424,309735424,309530624,51.121,51.121,"[1800000000, 1800000000, 1800000000, 1800000000]","[1800000000, 1800000000, 1800000000, 1800000000]",throttled=0x0,throttled=0x0,corrected_replacement/raw/block-07-observed_support-CFSM.npy,6c77bd6d5c1867c5ec2f156f8ecbdd3826f717b2ea75b37b4c91e4f7f7b72390,,true,
exhaustive_324,8,p1b-r1-exhaustive_324-b08-Tabular-Q,Tabular-Q,1,1000,10000,10506.4599,10463.0,10685.0,11018.0,747.2010461263576,309735424,309735424,309530624,50.147,50.634,"[1800000000, 1800000000, 1800000000, 1800000000]","[1800000000, 1800000000, 1800000000, 1800000000]",throttled=0x0,throttled=0x0,corrected_replacement/raw/block-08-exhaustive_324-Tabular-Q.npy,6c77bd6d5c1867c5ec2f156f8ecbdd3826f717b2ea75b37b4c91e4f7f7b72390,a89c52c9839fe4c97bbd81cdc97cd9d4bd58c9dab8a42dda728c225855501c17,true,
exhaustive_324,8,p1b-r1-exhaustive_324-b08-CFSM,CFSM,2,1000,10000,6290.8637,6222.0,6666.0,6759.01,564.428244373556,309735424,309735424,309530624,49.173,49.66,"[1800000000, 1800000000, 1800000000, 1800000000]","[1800000000, 1800000000, 1800000000, 1800000000]",throttled=0x0,throttled=0x0,corrected_replacement/raw/block-08-exhaustive_324-CFSM.npy,6c77bd6d5c1867c5ec2f156f8ecbdd3826f717b2ea75b37b4c91e4f7f7b72390,,true,
exhaustive_324,8,p1b-r1-exhaustive_324-b08-Static-LightLR,Static-LightLR,3,1000,10000,640.8902,630.0,703.0,852.0,260.3116008880813,309735424,309735424,309530624,49.66,49.66,"[1800000000, 1800000000, 1800000000, 1800000000]","[1800000000, 1800000000, 1800000000, 1800000000]",throttled=0x0,throttled=0x0,corrected_replacement/raw/block-08-exhaustive_324-Static-LightLR.npy,6c77bd6d5c1867c5ec2f156f8ecbdd3826f717b2ea75b37b4c91e4f7f7b72390,,true,
exhaustive_324,8,p1b-r1-exhaustive_324-b08-DQN,DQN,4,1000,10000,1563080.6272,1550295.0,1629008.8,1652524.74,45133.42312283103,309735424,309735424,309530624,52.095,50.634,"[1800000000, 1800000000, 1800000000, 1800000000]","[1800000000, 1800000000, 1800000000, 1800000000]",throttled=0x0,throttled=0x0,corrected_replacement/raw/block-08-exhaustive_324-DQN.npy,6c77bd6d5c1867c5ec2f156f8ecbdd3826f717b2ea75b37b4c91e4f7f7b72390,123c380bb3d78c9ac8d34614eb1f0fcc30caaee79b420a78652f39c90a88a471,true,
observed_support,8,p1b-r1-observed_support-b08-Tabular-Q,Tabular-Q,1,1000,10000,10805.4314,10741.0,11055.0,11278.180000000004,1063.4182966929873,309735424,309735424,309530624,51.608,51.121,"[1800000000, 1800000000, 1800000000, 1800000000]","[1800000000, 1800000000, 1800000000, 1800000000]",throttled=0x0,throttled=0x0,corrected_replacement/raw/block-08-observed_support-Tabular-Q.npy,6c77bd6d5c1867c5ec2f156f8ecbdd3826f717b2ea75b37b4c91e4f7f7b72390,a89c52c9839fe4c97bbd81cdc97cd9d4bd58c9dab8a42dda728c225855501c17,true,
observed_support,8,p1b-r1-observed_support-b08-CFSM,CFSM,2,1000,10000,6648.5846,6630.0,6963.0,7167.0,656.3667262824778,309735424,309735424,309530624,51.121,50.147,"[1800000000, 1800000000, 1800000000, 1800000000]","[1800000000, 1800000000, 1800000000, 1800000000]",throttled=0x0,throttled=0x0,corrected_replacement/raw/block-08-observed_support-CFSM.npy,6c77bd6d5c1867c5ec2f156f8ecbdd3826f717b2ea75b37b4c91e4f7f7b72390,,true,
observed_support,8,p1b-r1-observed_support-b08-Static-LightLR,Static-LightLR,3,1000,10000,741.4057,704.0,963.0,1129.0100000000002,335.72332853533175,309739520,309739520,309530624,50.147,50.147,"[1800000000, 1800000000, 1800000000, 1800000000]","[1800000000, 1800000000, 1800000000, 1800000000]",throttled=0x0,throttled=0x0,corrected_replacement/raw/block-08-observed_support-Static-LightLR.npy,6c77bd6d5c1867c5ec2f156f8ecbdd3826f717b2ea75b37b4c91e4f7f7b72390,,true,
observed_support,8,p1b-r1-observed_support-b08-DQN,DQN,4,1000,10000,1593181.6812,1575498.0,1651061.9,1693642.7700000003,213794.761766905,309739520,309739520,309530624,51.608,53.069,"[1800000000, 1800000000, 1800000000, 1800000000]","[1800000000, 1800000000, 1800000000, 1800000000]",throttled=0x0,throttled=0x0,corrected_replacement/raw/block-08-observed_support-DQN.npy,6c77bd6d5c1867c5ec2f156f8ecbdd3826f717b2ea75b37b4c91e4f7f7b72390,123c380bb3d78c9ac8d34614eb1f0fcc30caaee79b420a78652f39c90a88a471,true,
exhaustive_324,9,p1b-r1-exhaustive_324-b09-Tabular-Q,Tabular-Q,1,1000,10000,10544.5471,10500.0,10741.0,11018.01,736.0420054351289,309739520,309739520,309530624,51.608,50.634,"[1800000000, 1800000000, 1800000000, 1800000000]","[1800000000, 1800000000, 1800000000, 1800000000]",throttled=0x0,throttled=0x0,corrected_replacement/raw/block-09-exhaustive_324-Tabular-Q.npy,6c77bd6d5c1867c5ec2f156f8ecbdd3826f717b2ea75b37b4c91e4f7f7b72390,a89c52c9839fe4c97bbd81cdc97cd9d4bd58c9dab8a42dda728c225855501c17,true,
exhaustive_324,9,p1b-r1-exhaustive_324-b09-CFSM,CFSM,2,1000,10000,6291.178,6222.0,6666.0,6778.0,579.572634239951,309739520,309739520,309530624,50.147,51.121,"[1800000000, 1800000000, 1800000000, 1800000000]","[1800000000, 1800000000, 1800000000, 1800000000]",throttled=0x0,throttled=0x0,corrected_replacement/raw/block-09-exhaustive_324-CFSM.npy,6c77bd6d5c1867c5ec2f156f8ecbdd3826f717b2ea75b37b4c91e4f7f7b72390,,true,
exhaustive_324,9,p1b-r1-exhaustive_324-b09-Static-LightLR,Static-LightLR,3,1000,10000,658.3579,648.0,723.0,907.0,322.581027742699,309739520,309739520,309530624,51.121,50.634,"[1800000000, 1800000000, 1800000000, 1800000000]","[1800000000, 1800000000, 1800000000, 1800000000]",throttled=0x0,throttled=0x0,corrected_replacement/raw/block-09-exhaustive_324-Static-LightLR.npy,6c77bd6d5c1867c5ec2f156f8ecbdd3826f717b2ea75b37b4c91e4f7f7b72390,,true,
exhaustive_324,9,p1b-r1-exhaustive_324-b09-DQN,DQN,4,1000,10000,1555457.3973,1542563.0,1619286.8499999999,1643638.1600000001,52421.082128576905,309739520,309739520,309530624,51.608,52.095,"[1800000000, 1800000000, 1800000000, 1800000000]","[1800000000, 1800000000, 1800000000, 1800000000]",throttled=0x0,throttled=0x0,corrected_replacement/raw/block-09-exhaustive_324-DQN.npy,6c77bd6d5c1867c5ec2f156f8ecbdd3826f717b2ea75b37b4c91e4f7f7b72390,123c380bb3d78c9ac8d34614eb1f0fcc30caaee79b420a78652f39c90a88a471,true,
observed_support,9,p1b-r1-observed_support-b09-Tabular-Q,Tabular-Q,1,1000,10000,10715.6581,10648.0,10963.0,11222.180000000004,1056.762846799521,309739520,309739520,309530624,52.095,51.121,"[1800000000, 1800000000, 1800000000, 1800000000]","[1800000000, 1800000000, 1800000000, 1800000000]",throttled=0x0,throttled=0x0,corrected_replacement/raw/block-09-observed_support-Tabular-Q.npy,6c77bd6d5c1867c5ec2f156f8ecbdd3826f717b2ea75b37b4c91e4f7f7b72390,a89c52c9839fe4c97bbd81cdc97cd9d4bd58c9dab8a42dda728c225855501c17,true,
observed_support,9,p1b-r1-observed_support-b09-CFSM,CFSM,2,1000,10000,6619.007,6556.0,7000.0,7241.0,794.128418799853,309739520,309739520,309530624,50.634,51.121,"[1800000000, 1800000000, 1800000000, 1800000000]","[1800000000, 1800000000, 1800000000, 1800000000]",throttled=0x0,throttled=0x0,corrected_replacement/raw/block-09-observed_support-CFSM.npy,6c77bd6d5c1867c5ec2f156f8ecbdd3826f717b2ea75b37b4c91e4f7f7b72390,,true,
observed_support,9,p1b-r1-observed_support-b09-Static-LightLR,Static-LightLR,3,1000,10000,696.5849,666.0,907.0,1093.0,373.9090314346108,309739520,309739520,309530624,50.634,49.66,"[1800000000, 1800000000, 1800000000, 1800000000]","[1800000000, 1800000000, 1800000000, 1800000000]",throttled=0x0,throttled=0x0,corrected_replacement/raw/block-09-observed_support-Static-LightLR.npy,6c77bd6d5c1867c5ec2f156f8ecbdd3826f717b2ea75b37b4c91e4f7f7b72390,,true,
observed_support,9,p1b-r1-observed_support-b09-DQN,DQN,4,1000,10000,1561358.6474,1548517.0,1627247.9,1650822.23,50533.933200731044,309739520,309739520,309530624,50.634,51.121,"[1800000000, 1800000000, 1800000000, 1800000000]","[1800000000, 1800000000, 1800000000, 1800000000]",throttled=0x0,throttled=0x0,corrected_replacement/raw/block-09-observed_support-DQN.npy,6c77bd6d5c1867c5ec2f156f8ecbdd3826f717b2ea75b37b4c91e4f7f7b72390,123c380bb3d78c9ac8d34614eb1f0fcc30caaee79b420a78652f39c90a88a471,true,
exhaustive_324,10,p1b-r1-exhaustive_324-b10-Tabular-Q,Tabular-Q,1,1000,10000,10527.2945,10481.0,10722.0,10944.0,914.989239226637,309739520,309739520,309530624,52.582,50.634,"[1800000000, 1800000000, 1800000000, 1800000000]","[1800000000, 1800000000, 1800000000, 1800000000]",throttled=0x0,throttled=0x0,corrected_replacement/raw/block-10-exhaustive_324-Tabular-Q.npy,6c77bd6d5c1867c5ec2f156f8ecbdd3826f717b2ea75b37b4c91e4f7f7b72390,a89c52c9839fe4c97bbd81cdc97cd9d4bd58c9dab8a42dda728c225855501c17,true,
exhaustive_324,10,p1b-r1-exhaustive_324-b10-CFSM,CFSM,2,1000,10000,6292.9709,6222.0,6667.0,6777.0,662.2592563229664,309739520,309743616,309530624,51.121,51.121,"[1800000000, 1800000000, 1800000000, 1800000000]","[1800000000, 1800000000, 1800000000, 1800000000]",throttled=0x0,throttled=0x0,corrected_replacement/raw/block-10-exhaustive_324-CFSM.npy,6c77bd6d5c1867c5ec2f156f8ecbdd3826f717b2ea75b37b4c91e4f7f7b72390,,true,
exhaustive_324,10,p1b-r1-exhaustive_324-b10-DQN,DQN,3,1000,10000,1567879.9787,1556933.5,1632951.0,1662066.0,48000.87550709039,309743616,309743616,309530624,52.582,52.582,"[1800000000, 1800000000, 1800000000, 1800000000]","[1800000000, 1800000000, 1800000000, 1800000000]",throttled=0x0,throttled=0x0,corrected_replacement/raw/block-10-exhaustive_324-DQN.npy,6c77bd6d5c1867c5ec2f156f8ecbdd3826f717b2ea75b37b4c91e4f7f7b72390,123c380bb3d78c9ac8d34614eb1f0fcc30caaee79b420a78652f39c90a88a471,true,
exhaustive_324,10,p1b-r1-exhaustive_324-b10-Static-LightLR,Static-LightLR,4,1000,10000,641.4462,630.0,704.0,871.0,83.09449665951115,309743616,309743616,309530624,51.608,51.608,"[1800000000, 1800000000, 1800000000, 1800000000]","[1800000000, 1800000000, 1800000000, 1800000000]",throttled=0x0,throttled=0x0,corrected_replacement/raw/block-10-exhaustive_324-Static-LightLR.npy,6c77bd6d5c1867c5ec2f156f8ecbdd3826f717b2ea75b37b4c91e4f7f7b72390,,true,
observed_support,10,p1b-r1-observed_support-b10-Tabular-Q,Tabular-Q,1,1000,10000,10704.0532,10648.0,10944.0,11185.0,800.737491330812,309747712,309747712,309530624,51.608,51.121,"[1800000000, 1800000000, 1800000000, 1800000000]","[1800000000, 1800000000, 1800000000, 1800000000]",throttled=0x0,throttled=0x0,corrected_replacement/raw/block-10-observed_support-Tabular-Q.npy,6c77bd6d5c1867c5ec2f156f8ecbdd3826f717b2ea75b37b4c91e4f7f7b72390,a89c52c9839fe4c97bbd81cdc97cd9d4bd58c9dab8a42dda728c225855501c17,true,
observed_support,10,p1b-r1-observed_support-b10-CFSM,CFSM,2,1000,10000,6558.059,6518.0,6963.0,7185.0,610.6614779589968,309747712,309747712,309530624,52.095,50.634,"[1800000000, 1800000000, 1800000000, 1800000000]","[1800000000, 1800000000, 1800000000, 1800000000]",throttled=0x0,throttled=0x0,corrected_replacement/raw/block-10-observed_support-CFSM.npy,6c77bd6d5c1867c5ec2f156f8ecbdd3826f717b2ea75b37b4c91e4f7f7b72390,,true,
observed_support,10,p1b-r1-observed_support-b10-DQN,DQN,3,1000,10000,1596762.968,1567257.5,1645117.9,1750229.77,251953.3525814564,309747712,309747712,309530624,52.095,52.582,"[1800000000, 1800000000, 1800000000, 1800000000]","[1800000000, 1800000000, 1800000000, 1800000000]",throttled=0x0,throttled=0x0,corrected_replacement/raw/block-10-observed_support-DQN.npy,6c77bd6d5c1867c5ec2f156f8ecbdd3826f717b2ea75b37b4c91e4f7f7b72390,123c380bb3d78c9ac8d34614eb1f0fcc30caaee79b420a78652f39c90a88a471,true,
observed_support,10,p1b-r1-observed_support-b10-Static-LightLR,Static-LightLR,4,1000,10000,702.3284,667.0,907.0,1074.0,272.5145331363395,309747712,309747712,309530624,52.582,52.095,"[1800000000, 1800000000, 1800000000, 1800000000]","[1800000000, 1800000000, 1800000000, 1800000000]",throttled=0x0,throttled=0x0,corrected_replacement/raw/block-10-observed_support-Static-LightLR.npy,6c77bd6d5c1867c5ec2f156f8ecbdd3826f717b2ea75b37b4c91e4f7f7b72390,,true,
exhaustive_324,11,p1b-r1-exhaustive_324-b11-DQN,DQN,1,1000,10000,1568913.8408,1558267.0,1635062.9,1659693.22,46415.993416146295,309747712,309747712,309530624,53.069,53.069,"[1800000000, 1800000000, 1800000000, 1800000000]","[1800000000, 1800000000, 1800000000, 1800000000]",throttled=0x0,throttled=0x0,corrected_replacement/raw/block-11-exhaustive_324-DQN.npy,6c77bd6d5c1867c5ec2f156f8ecbdd3826f717b2ea75b37b4c91e4f7f7b72390,123c380bb3d78c9ac8d34614eb1f0fcc30caaee79b420a78652f39c90a88a471,true,
exhaustive_324,11,p1b-r1-exhaustive_324-b11-CFSM,CFSM,2,1000,10000,6234.7622,6167.0,6574.0,6685.0,914.1459445471237,309747712,309747712,309530624,52.582,50.634,"[1800000000, 1800000000, 1800000000, 1800000000]","[1800000000, 1800000000, 1800000000, 1800000000]",throttled=0x0,throttled=0x0,corrected_replacement/raw/block-11-exhaustive_324-CFSM.npy,6c77bd6d5c1867c5ec2f156f8ecbdd3826f717b2ea75b37b4c91e4f7f7b72390,,true,
exhaustive_324,11,p1b-r1-exhaustive_324-b11-Static-LightLR,Static-LightLR,3,1000,10000,615.552,611.0,667.0,815.0,421.1772744648654,309747712,309747712,309530624,51.608,53.069,"[1800000000, 1800000000, 1800000000, 1800000000]","[1800000000, 1800000000, 1800000000, 1800000000]",throttled=0x0,throttled=0x0,corrected_replacement/raw/block-11-exhaustive_324-Static-LightLR.npy,6c77bd6d5c1867c5ec2f156f8ecbdd3826f717b2ea75b37b4c91e4f7f7b72390,,true,
exhaustive_324,11,p1b-r1-exhaustive_324-b11-Tabular-Q,Tabular-Q,4,1000,10000,10383.5147,10333.0,10574.0,10981.0,946.8591580644036,309747712,309747712,309530624,53.069,52.095,"[1800000000, 1800000000, 1800000000, 1800000000]","[1800000000, 1800000000, 1800000000, 1800000000]",throttled=0x0,throttled=0x0,corrected_replacement/raw/block-11-exhaustive_324-Tabular-Q.npy,6c77bd6d5c1867c5ec2f156f8ecbdd3826f717b2ea75b37b4c91e4f7f7b72390,a89c52c9839fe4c97bbd81cdc97cd9d4bd58c9dab8a42dda728c225855501c17,true,
observed_support,11,p1b-r1-observed_support-b11-DQN,DQN,1,1000,10000,1571945.1195,1560970.0,1636691.0,1663298.9300000004,49157.57945117283,309747712,309747712,309530624,52.582,53.556,"[1800000000, 1800000000, 1800000000, 1800000000]","[1800000000, 1800000000, 1800000000, 1800000000]",throttled=0x0,throttled=0x0,corrected_replacement/raw/block-11-observed_support-DQN.npy,6c77bd6d5c1867c5ec2f156f8ecbdd3826f717b2ea75b37b4c91e4f7f7b72390,123c380bb3d78c9ac8d34614eb1f0fcc30caaee79b420a78652f39c90a88a471,true,
observed_support,11,p1b-r1-observed_support-b11-CFSM,CFSM,2,1000,10000,6618.4036,6555.0,7000.0,7241.0,1028.6570257547962,309747712,309747712,309530624,52.582,52.095,"[1800000000, 1800000000, 1800000000, 1800000000]","[1800000000, 1800000000, 1800000000, 1800000000]",throttled=0x0,throttled=0x0,corrected_replacement/raw/block-11-observed_support-CFSM.npy,6c77bd6d5c1867c5ec2f156f8ecbdd3826f717b2ea75b37b4c91e4f7f7b72390,,true,
observed_support,11,p1b-r1-observed_support-b11-Static-LightLR,Static-LightLR,3,1000,10000,807.5291,778.0,1037.0,1241.0,312.0182589089607,309747712,309747712,309530624,51.121,51.608,"[1800000000, 1800000000, 1800000000, 1800000000]","[1800000000, 1800000000, 1800000000, 1800000000]",throttled=0x0,throttled=0x0,corrected_replacement/raw/block-11-observed_support-Static-LightLR.npy,6c77bd6d5c1867c5ec2f156f8ecbdd3826f717b2ea75b37b4c91e4f7f7b72390,,true,
observed_support,11,p1b-r1-observed_support-b11-Tabular-Q,Tabular-Q,4,1000,10000,10851.8867,10796.0,11129.0,11352.180000000004,819.4163715609473,309747712,309747712,309530624,52.095,52.582,"[1800000000, 1800000000, 1800000000, 1800000000]","[1800000000, 1800000000, 1800000000, 1800000000]",throttled=0x0,throttled=0x0,corrected_replacement/raw/block-11-observed_support-Tabular-Q.npy,6c77bd6d5c1867c5ec2f156f8ecbdd3826f717b2ea75b37b4c91e4f7f7b72390,a89c52c9839fe4c97bbd81cdc97cd9d4bd58c9dab8a42dda728c225855501c17,true,
exhaustive_324,12,p1b-r1-exhaustive_324-b12-DQN,DQN,1,1000,10000,1569348.9901,1557489.0,1633195.7,1668087.0300000003,71253.47059259606,309747712,309747712,309530624,53.069,52.582,"[1800000000, 1800000000, 1800000000, 1800000000]","[1800000000, 1800000000, 1800000000, 1800000000]",throttled=0x0,throttled=0x0,corrected_replacement/raw/block-12-exhaustive_324-DQN.npy,6c77bd6d5c1867c5ec2f156f8ecbdd3826f717b2ea75b37b4c91e4f7f7b72390,123c380bb3d78c9ac8d34614eb1f0fcc30caaee79b420a78652f39c90a88a471,true,
exhaustive_324,12,p1b-r1-exhaustive_324-b12-Static-LightLR,Static-LightLR,2,1000,10000,627.7982,629.0,685.0,815.0,226.99990346336546,309747712,309747712,309530624,52.582,52.582,"[1800000000, 1800000000, 1800000000, 1800000000]","[1800000000, 1800000000, 1800000000, 1800000000]",throttled=0x0,throttled=0x0,corrected_replacement/raw/block-12-exhaustive_324-Static-LightLR.npy,6c77bd6d5c1867c5ec2f156f8ecbdd3826f717b2ea75b37b4c91e4f7f7b72390,,true,
exhaustive_324,12,p1b-r1-exhaustive_324-b12-Tabular-Q,Tabular-Q,3,1000,10000,10447.6086,10407.0,10648.0,10963.0,684.5800283294561,309747712,309747712,309530624,52.582,51.121,"[1800000000, 1800000000, 1800000000, 1800000000]","[1800000000, 1800000000, 1800000000, 1800000000]",throttled=0x0,throttled=0x0,corrected_replacement/raw/block-12-exhaustive_324-Tabular-Q.npy,6c77bd6d5c1867c5ec2f156f8ecbdd3826f717b2ea75b37b4c91e4f7f7b72390,a89c52c9839fe4c97bbd81cdc97cd9d4bd58c9dab8a42dda728c225855501c17,true,
exhaustive_324,12,p1b-r1-exhaustive_324-b12-CFSM,CFSM,4,1000,10000,6291.9805,6222.0,6667.0,6778.0,577.4255723025304,309747712,309747712,309530624,52.095,51.608,"[1800000000, 1800000000, 1800000000, 1800000000]","[1800000000, 1800000000, 1800000000, 1800000000]",throttled=0x0,throttled=0x0,corrected_replacement/raw/block-12-exhaustive_324-CFSM.npy,6c77bd6d5c1867c5ec2f156f8ecbdd3826f717b2ea75b37b4c91e4f7f7b72390,,true,
observed_support,12,p1b-r1-observed_support-b12-DQN,DQN,1,1000,10000,1568299.8217,1558961.0,1633080.95,1651471.4000000001,40440.78192313255,309747712,309747712,309530624,53.556,53.556,"[1800000000, 1800000000, 1800000000, 1800000000]","[1800000000, 1800000000, 1800000000, 1800000000]",throttled=0x0,throttled=0x0,corrected_replacement/raw/block-12-observed_support-DQN.npy,6c77bd6d5c1867c5ec2f156f8ecbdd3826f717b2ea75b37b4c91e4f7f7b72390,123c380bb3d78c9ac8d34614eb1f0fcc30caaee79b420a78652f39c90a88a471,true,
observed_support,12,p1b-r1-observed_support-b12-Static-LightLR,Static-LightLR,2,1000,10000,826.4602,796.0,1037.0,1259.0,441.0356650677428,309747712,309747712,309530624,53.556,52.582,"[1800000000, 1800000000, 1800000000, 1800000000]","[1800000000, 1800000000, 1800000000, 1800000000]",throttled=0x0,throttled=0x0,corrected_replacement/raw/block-12-observed_support-Static-LightLR.npy,6c77bd6d5c1867c5ec2f156f8ecbdd3826f717b2ea75b37b4c91e4f7f7b72390,,true,
observed_support,12,p1b-r1-observed_support-b12-Tabular-Q,Tabular-Q,3,1000,10000,10725.4875,10666.0,10981.0,11241.0,1002.0487328518764,309747712,309747712,309530624,52.095,51.608,"[1800000000, 1800000000, 1800000000, 1800000000]","[1800000000, 1800000000, 1800000000, 1800000000]",throttled=0x0,throttled=0x0,corrected_replacement/raw/block-12-observed_support-Tabular-Q.npy,6c77bd6d5c1867c5ec2f156f8ecbdd3826f717b2ea75b37b4c91e4f7f7b72390,a89c52c9839fe4c97bbd81cdc97cd9d4bd58c9dab8a42dda728c225855501c17,true,
observed_support,12,p1b-r1-observed_support-b12-CFSM,CFSM,4,1000,10000,6526.66,6482.0,6871.0,7074.180000000004,647.7863008038615,309747712,309747712,309530624,51.608,51.121,"[1800000000, 1800000000, 1800000000, 1800000000]","[1800000000, 1800000000, 1800000000, 1800000000]",throttled=0x0,throttled=0x0,corrected_replacement/raw/block-12-observed_support-CFSM.npy,6c77bd6d5c1867c5ec2f156f8ecbdd3826f717b2ea75b37b4c91e4f7f7b72390,,true,
exhaustive_324,13,p1b-r1-exhaustive_324-b13-DQN,DQN,1,1000,10000,1561795.8731,1550646.5,1627249.8,1648488.12,45178.96008218656,309747712,309747712,309530624,52.582,54.043,"[1800000000, 1800000000, 1800000000, 1800000000]","[1800000000, 1800000000, 1800000000, 1800000000]",throttled=0x0,throttled=0x0,corrected_replacement/raw/block-13-exhaustive_324-DQN.npy,6c77bd6d5c1867c5ec2f156f8ecbdd3826f717b2ea75b37b4c91e4f7f7b72390,123c380bb3d78c9ac8d34614eb1f0fcc30caaee79b420a78652f39c90a88a471,true,
exhaustive_324,13,p1b-r1-exhaustive_324-b13-Tabular-Q,Tabular-Q,2,1000,10000,10423.8012,10370.0,10648.0,11018.0,926.9915568187239,309747712,309747712,309530624,53.556,52.095,"[1800000000, 1800000000, 1800000000, 1800000000]","[1800000000, 1800000000, 1800000000, 1800000000]",throttled=0x0,throttled=0x0,corrected_replacement/raw/block-13-exhaustive_324-Tabular-Q.npy,6c77bd6d5c1867c5ec2f156f8ecbdd3826f717b2ea75b37b4c91e4f7f7b72390,a89c52c9839fe4c97bbd81cdc97cd9d4bd58c9dab8a42dda728c225855501c17,true,
exhaustive_324,13,p1b-r1-exhaustive_324-b13-Static-LightLR,Static-LightLR,3,1000,10000,597.7677,593.0,648.0,815.0,98.36365831768235,309747712,309747712,309530624,53.069,52.095,"[1800000000, 1800000000, 1800000000, 1800000000]","[1800000000, 1800000000, 1800000000, 1800000000]",throttled=0x0,throttled=0x0,corrected_replacement/raw/block-13-exhaustive_324-Static-LightLR.npy,6c77bd6d5c1867c5ec2f156f8ecbdd3826f717b2ea75b37b4c91e4f7f7b72390,,true,
exhaustive_324,13,p1b-r1-exhaustive_324-b13-CFSM,CFSM,4,1000,10000,6205.6143,6148.0,6592.0,6703.0,589.0622932882799,309747712,309747712,309530624,52.095,52.095,"[1800000000, 1800000000, 1800000000, 1800000000]","[1800000000, 1800000000, 1800000000, 1800000000]",throttled=0x0,throttled=0x0,corrected_replacement/raw/block-13-exhaustive_324-CFSM.npy,6c77bd6d5c1867c5ec2f156f8ecbdd3826f717b2ea75b37b4c91e4f7f7b72390,,true,
observed_support,13,p1b-r1-observed_support-b13-DQN,DQN,1,1000,10000,1565565.1293,1555489.0,1630043.95,1651841.22,43449.63709446312,309747712,309747712,309530624,54.043,52.582,"[1800000000, 1800000000, 1800000000, 1800000000]","[1800000000, 1800000000, 1800000000, 1800000000]",throttled=0x0,throttled=0x0,corrected_replacement/raw/block-13-observed_support-DQN.npy,6c77bd6d5c1867c5ec2f156f8ecbdd3826f717b2ea75b37b4c91e4f7f7b72390,123c380bb3d78c9ac8d34614eb1f0fcc30caaee79b420a78652f39c90a88a471,true,
observed_support,13,p1b-r1-observed_support-b13-Tabular-Q,Tabular-Q,2,1000,10000,10868.2185,10815.0,11111.0,11314.0,818.3305454679756,309747712,309747712,309530624,54.043,52.095,"[1800000000, 1800000000, 1800000000, 1800000000]","[1800000000, 1800000000, 1800000000, 1800000000]",throttled=0x0,throttled=0x0,corrected_replacement/raw/block-13-observed_support-Tabular-Q.npy,6c77bd6d5c1867c5ec2f156f8ecbdd3826f717b2ea75b37b4c91e4f7f7b72390,a89c52c9839fe4c97bbd81cdc97cd9d4bd58c9dab8a42dda728c225855501c17,true,
observed_support,13,p1b-r1-observed_support-b13-Static-LightLR,Static-LightLR,3,1000,10000,678.4997,648.0,888.0,1037.0,244.53476588224117,309747712,309747712,309530624,52.095,51.608,"[1800000000, 1800000000, 1800000000, 1800000000]","[1800000000, 1800000000, 1800000000, 1800000000]",throttled=0x0,throttled=0x0,corrected_replacement/raw/block-13-observed_support-Static-LightLR.npy,6c77bd6d5c1867c5ec2f156f8ecbdd3826f717b2ea75b37b4c91e4f7f7b72390,,true,
observed_support,13,p1b-r1-observed_support-b13-CFSM,CFSM,4,1000,10000,6540.2733,6482.0,6925.0,7130.0,753.9748677623357,309747712,309747712,309530624,52.095,52.095,"[1800000000, 1800000000, 1800000000, 1800000000]","[1800000000, 1800000000, 1800000000, 1800000000]",throttled=0x0,throttled=0x0,corrected_replacement/raw/block-13-observed_support-CFSM.npy,6c77bd6d5c1867c5ec2f156f8ecbdd3826f717b2ea75b37b4c91e4f7f7b72390,,true,
exhaustive_324,14,p1b-r1-exhaustive_324-b14-Static-LightLR,Static-LightLR,1,1000,10000,615.2815,611.0,667.0,851.0,82.82300781070607,309747712,309747712,309530624,52.095,52.582,"[1800000000, 1800000000, 1800000000, 1800000000]","[1800000000, 1800000000, 1800000000, 1800000000]",throttled=0x0,throttled=0x0,corrected_replacement/raw/block-14-exhaustive_324-Static-LightLR.npy,6c77bd6d5c1867c5ec2f156f8ecbdd3826f717b2ea75b37b4c91e4f7f7b72390,,true,
exhaustive_324,14,p1b-r1-exhaustive_324-b14-CFSM,CFSM,2,1000,10000,6189.6029,6129.0,6556.0,6667.0,577.0550385044189,309747712,309747712,309530624,51.608,52.095,"[1800000000, 1800000000, 1800000000, 1800000000]","[1800000000, 1800000000, 1800000000, 1800000000]",throttled=0x0,throttled=0x0,corrected_replacement/raw/block-14-exhaustive_324-CFSM.npy,6c77bd6d5c1867c5ec2f156f8ecbdd3826f717b2ea75b37b4c91e4f7f7b72390,,true,
exhaustive_324,14,p1b-r1-exhaustive_324-b14-Tabular-Q,Tabular-Q,3,1000,10000,10416.342,10371.0,10611.0,10851.0,682.6593014148278,309747712,309747712,309530624,52.095,51.121,"[1800000000, 1800000000, 1800000000, 1800000000]","[1800000000, 1800000000, 1800000000, 1800000000]",throttled=0x0,throttled=0x0,corrected_replacement/raw/block-14-exhaustive_324-Tabular-Q.npy,6c77bd6d5c1867c5ec2f156f8ecbdd3826f717b2ea75b37b4c91e4f7f7b72390,a89c52c9839fe4c97bbd81cdc97cd9d4bd58c9dab8a42dda728c225855501c17,true,
exhaustive_324,14,p1b-r1-exhaustive_324-b14-DQN,DQN,4,1000,10000,1553348.3482,1538878.5,1614506.0,1640732.6300000001,62581.69837785279,309747712,309747712,309530624,53.556,54.043,"[1800000000, 1800000000, 1800000000, 1800000000]","[1800000000, 1800000000, 1800000000, 1800000000]",throttled=0x0,throttled=0x0,corrected_replacement/raw/block-14-exhaustive_324-DQN.npy,6c77bd6d5c1867c5ec2f156f8ecbdd3826f717b2ea75b37b4c91e4f7f7b72390,123c380bb3d78c9ac8d34614eb1f0fcc30caaee79b420a78652f39c90a88a471,true,
observed_support,14,p1b-r1-observed_support-b14-Static-LightLR,Static-LightLR,1,1000,10000,677.7699,648.0,870.0,1055.0,414.5041123075885,309747712,309747712,309530624,54.043,53.069,"[1800000000, 1800000000, 1800000000, 1800000000]","[1800000000, 1800000000, 1800000000, 1800000000]",throttled=0x0,throttled=0x0,corrected_replacement/raw/block-14-observed_support-Static-LightLR.npy,6c77bd6d5c1867c5ec2f156f8ecbdd3826f717b2ea75b37b4c91e4f7f7b72390,,true,
observed_support,14,p1b-r1-observed_support-b14-CFSM,CFSM,2,1000,10000,6565.9531,6537.0,6926.0,7167.0,599.8661099240176,309747712,309747712,309530624,53.069,52.095,"[1800000000, 1800000000, 1800000000, 1800000000]","[1800000000, 1800000000, 1800000000, 1800000000]",throttled=0x0,throttled=0x0,corrected_replacement/raw/block-14-observed_support-CFSM.npy,6c77bd6d5c1867c5ec2f156f8ecbdd3826f717b2ea75b37b4c91e4f7f7b72390,,true,
observed_support,14,p1b-r1-observed_support-b14-Tabular-Q,Tabular-Q,3,1000,10000,10821.5026,10759.0,11074.0,11314.0,1052.085286817715,309747712,309747712,309530624,52.095,52.582,"[1800000000, 1800000000, 1800000000, 1800000000]","[1800000000, 1800000000, 1800000000, 1800000000]",throttled=0x0,throttled=0x0,corrected_replacement/raw/block-14-observed_support-Tabular-Q.npy,6c77bd6d5c1867c5ec2f156f8ecbdd3826f717b2ea75b37b4c91e4f7f7b72390,a89c52c9839fe4c97bbd81cdc97cd9d4bd58c9dab8a42dda728c225855501c17,true,
observed_support,14,p1b-r1-observed_support-b14-DQN,DQN,4,1000,10000,1554282.5619,1540563.0,1616580.95,1649323.22,43134.62874919757,309747712,309747712,309530624,52.582,53.069,"[1800000000, 1800000000, 1800000000, 1800000000]","[1800000000, 1800000000, 1800000000, 1800000000]",throttled=0x0,throttled=0x0,corrected_replacement/raw/block-14-observed_support-DQN.npy,6c77bd6d5c1867c5ec2f156f8ecbdd3826f717b2ea75b37b4c91e4f7f7b72390,123c380bb3d78c9ac8d34614eb1f0fcc30caaee79b420a78652f39c90a88a471,true,
exhaustive_324,15,p1b-r1-exhaustive_324-b15-DQN,DQN,1,1000,10000,1559308.9272,1547675.0,1622692.95,1644604.1800000002,44339.33234882111,309747712,309747712,309530624,53.069,54.043,"[1800000000, 1800000000, 1800000000, 1800000000]","[1800000000, 1800000000, 1800000000, 1800000000]",throttled=0x0,throttled=0x0,corrected_replacement/raw/block-15-exhaustive_324-DQN.npy,6c77bd6d5c1867c5ec2f156f8ecbdd3826f717b2ea75b37b4c91e4f7f7b72390,123c380bb3d78c9ac8d34614eb1f0fcc30caaee79b420a78652f39c90a88a471,true,
exhaustive_324,15,p1b-r1-exhaustive_324-b15-Tabular-Q,Tabular-Q,2,1000,10000,10423.0847,10371.0,10630.0,10926.180000000004,731.2020065367343,309747712,309747712,309530624,54.043,53.069,"[1800000000, 1800000000, 1800000000, 1800000000]","[1800000000, 1800000000, 1800000000, 1800000000]",throttled=0x0,throttled=0x0,corrected_replacement/raw/block-15-exhaustive_324-Tabular-Q.npy,6c77bd6d5c1867c5ec2f156f8ecbdd3826f717b2ea75b37b4c91e4f7f7b72390,a89c52c9839fe4c97bbd81cdc97cd9d4bd58c9dab8a42dda728c225855501c17,true,
exhaustive_324,15,p1b-r1-exhaustive_324-b15-CFSM,CFSM,3,1000,10000,6194.655,6129.0,6556.0,6685.0,737.2230548200836,309747712,309747712,309530624,53.069,52.582,"[1800000000, 1800000000, 1800000000, 1800000000]","[1800000000, 1800000000, 1800000000, 1800000000]",throttled=0x0,throttled=0x0,corrected_replacement/raw/block-15-exhaustive_324-CFSM.npy,6c77bd6d5c1867c5ec2f156f8ecbdd3826f717b2ea75b37b4c91e4f7f7b72390,,true,
exhaustive_324,15,p1b-r1-exhaustive_324-b15-Static-LightLR,Static-LightLR,4,1000,10000,643.6332,648.0,686.0,815.0,76.43569257401889,309747712,309747712,309530624,52.095,53.556,"[1800000000, 1800000000, 1800000000, 1800000000]","[1800000000, 1800000000, 1800000000, 1800000000]",throttled=0x0,throttled=0x0,corrected_replacement/raw/block-15-exhaustive_324-Static-LightLR.npy,6c77bd6d5c1867c5ec2f156f8ecbdd3826f717b2ea75b37b4c91e4f7f7b72390,,true,
observed_support,15,p1b-r1-observed_support-b15-DQN,DQN,1,1000,10000,1564620.8468,1554415.0,1629656.8499999999,1651791.0300000003,43431.185736792635,309747712,309747712,309530624,54.043,53.069,"[1800000000, 1800000000, 1800000000, 1800000000]","[1800000000, 1800000000, 1800000000, 1800000000]",throttled=0x0,throttled=0x0,corrected_replacement/raw/block-15-observed_support-DQN.npy,6c77bd6d5c1867c5ec2f156f8ecbdd3826f717b2ea75b37b4c91e4f7f7b72390,123c380bb3d78c9ac8d34614eb1f0fcc30caaee79b420a78652f39c90a88a471,true,
observed_support,15,p1b-r1-observed_support-b15-Tabular-Q,Tabular-Q,2,1000,10000,10717.3155,10648.0,10963.0,11222.180000000004,1026.795755402252,309747712,309747712,309530624,53.556,52.582,"[1800000000, 1800000000, 1800000000, 1800000000]","[1800000000, 1800000000, 1800000000, 1800000000]",throttled=0x0,throttled=0x0,corrected_replacement/raw/block-15-observed_support-Tabular-Q.npy,6c77bd6d5c1867c5ec2f156f8ecbdd3826f717b2ea75b37b4c91e4f7f7b72390,a89c52c9839fe4c97bbd81cdc97cd9d4bd58c9dab8a42dda728c225855501c17,true,
observed_support,15,p1b-r1-observed_support-b15-CFSM,CFSM,3,1000,10000,6573.1843,6519.0,6926.0,7148.0,694.9306890617005,309747712,309747712,309530624,53.069,52.095,"[1800000000, 1800000000, 1800000000, 1800000000]","[1800000000, 1800000000, 1800000000, 1800000000]",throttled=0x0,throttled=0x0,corrected_replacement/raw/block-15-observed_support-CFSM.npy,6c77bd6d5c1867c5ec2f156f8ecbdd3826f717b2ea75b37b4c91e4f7f7b72390,,true,
observed_support,15,p1b-r1-observed_support-b15-Static-LightLR,Static-LightLR,4,1000,10000,813.5757,796.0,1037.0,1259.0,429.5103551534333,309747712,309747712,309530624,52.095,51.608,"[1800000000, 1800000000, 1800000000, 1800000000]","[1800000000, 1800000000, 1800000000, 1800000000]",throttled=0x0,throttled=0x0,corrected_replacement/raw/block-15-observed_support-Static-LightLR.npy,6c77bd6d5c1867c5ec2f156f8ecbdd3826f717b2ea75b37b4c91e4f7f7b72390,,true,
exhaustive_324,16,p1b-r1-exhaustive_324-b16-Tabular-Q,Tabular-Q,1,1000,10000,10406.1736,10370.0,10611.0,10870.0,798.4573753689474,309747712,309747712,309530624,52.095,52.582,"[1800000000, 1800000000, 1800000000, 1800000000]","[1800000000, 1800000000, 1800000000, 1800000000]",throttled=0x0,throttled=0x0,corrected_replacement/raw/block-16-exhaustive_324-Tabular-Q.npy,6c77bd6d5c1867c5ec2f156f8ecbdd3826f717b2ea75b37b4c91e4f7f7b72390,a89c52c9839fe4c97bbd81cdc97cd9d4bd58c9dab8a42dda728c225855501c17,true,
exhaustive_324,16,p1b-r1-exhaustive_324-b16-DQN,DQN,2,1000,10000,1570618.0692,1538786.0,1619703.0499999998,1679458.0800000003,290583.960429972,309747712,309747712,309530624,54.043,54.53,"[1800000000, 1800000000, 1800000000, 1800000000]","[1800000000, 1800000000, 1800000000, 1800000000]",throttled=0x0,throttled=0x0,corrected_replacement/raw/block-16-exhaustive_324-DQN.npy,6c77bd6d5c1867c5ec2f156f8ecbdd3826f717b2ea75b37b4c91e4f7f7b72390,123c380bb3d78c9ac8d34614eb1f0fcc30caaee79b420a78652f39c90a88a471,true,
exhaustive_324,16,p1b-r1-exhaustive_324-b16-CFSM,CFSM,3,1000,10000,6153.63,6092.0,6519.0,6648.0,578.6511287579773,309747712,309747712,309530624,54.53,52.582,"[1800000000, 1800000000, 1800000000, 1800000000]","[1800000000, 1800000000, 1800000000, 1800000000]",throttled=0x0,throttled=0x0,corrected_replacement/raw/block-16-exhaustive_324-CFSM.npy,6c77bd6d5c1867c5ec2f156f8ecbdd3826f717b2ea75b37b4c91e4f7f7b72390,,true,
exhaustive_324,16,p1b-r1-exhaustive_324-b16-Static-LightLR,Static-LightLR,4,1000,10000,621.7768,611.0,667.0,852.0,310.604225148706,309747712,309747712,309530624,52.582,52.582,"[1800000000, 1800000000, 1800000000, 1800000000]","[1800000000, 1800000000, 1800000000, 1800000000]",throttled=0x0,throttled=0x0,corrected_replacement/raw/block-16-exhaustive_324-Static-LightLR.npy,6c77bd6d5c1867c5ec2f156f8ecbdd3826f717b2ea75b37b4c91e4f7f7b72390,,true,
observed_support,16,p1b-r1-observed_support-b16-Tabular-Q,Tabular-Q,1,1000,10000,10711.1373,10648.0,10926.899999999987,11167.0,899.6729597982642,309747712,309747712,309530624,53.556,52.582,"[1800000000, 1800000000, 1800000000, 1800000000]","[1800000000, 1800000000, 1800000000, 1800000000]",throttled=0x0,throttled=0x0,corrected_replacement/raw/block-16-observed_support-Tabular-Q.npy,6c77bd6d5c1867c5ec2f156f8ecbdd3826f717b2ea75b37b4c91e4f7f7b72390,a89c52c9839fe4c97bbd81cdc97cd9d4bd58c9dab8a42dda728c225855501c17,true,
observed_support,16,p1b-r1-observed_support-b16-DQN,DQN,2,1000,10000,1555495.0883,1543174.5,1618066.65,1642173.18,41588.96124248628,309747712,309747712,309530624,54.043,53.069,"[1800000000, 1800000000, 1800000000, 1800000000]","[1800000000, 1800000000, 1800000000, 1800000000]",throttled=0x0,throttled=0x0,corrected_replacement/raw/block-16-observed_support-DQN.npy,6c77bd6d5c1867c5ec2f156f8ecbdd3826f717b2ea75b37b4c91e4f7f7b72390,123c380bb3d78c9ac8d34614eb1f0fcc30caaee79b420a78652f39c90a88a471,true,
observed_support,16,p1b-r1-observed_support-b16-CFSM,CFSM,3,1000,10000,6505.7179,6445.0,6889.0,7148.0,945.2388601670305,309747712,309747712,309530624,53.069,53.556,"[1800000000, 1800000000, 1800000000, 1800000000]","[1800000000, 1800000000, 1800000000, 1800000000]",throttled=0x0,throttled=0x0,corrected_replacement/raw/block-16-observed_support-CFSM.npy,6c77bd6d5c1867c5ec2f156f8ecbdd3826f717b2ea75b37b4c91e4f7f7b72390,,true,
observed_support,16,p1b-r1-observed_support-b16-Static-LightLR,Static-LightLR,4,1000,10000,819.1443,778.0,1018.0,1222.0,517.745865609418,309747712,309747712,309530624,53.069,53.069,"[1800000000, 1800000000, 1800000000, 1800000000]","[1800000000, 1800000000, 1800000000, 1800000000]",throttled=0x0,throttled=0x0,corrected_replacement/raw/block-16-observed_support-Static-LightLR.npy,6c77bd6d5c1867c5ec2f156f8ecbdd3826f717b2ea75b37b4c91e4f7f7b72390,,true,
exhaustive_324,17,p1b-r1-exhaustive_324-b17-DQN,DQN,1,1000,10000,1564289.0658,1554480.0,1628990.75,1649712.04,42817.446237830474,309747712,309747712,309530624,54.043,55.017,"[1800000000, 1800000000, 1800000000, 1800000000]","[1800000000, 1800000000, 1800000000, 1800000000]",throttled=0x0,throttled=0x0,corrected_replacement/raw/block-17-exhaustive_324-DQN.npy,6c77bd6d5c1867c5ec2f156f8ecbdd3826f717b2ea75b37b4c91e4f7f7b72390,123c380bb3d78c9ac8d34614eb1f0fcc30caaee79b420a78652f39c90a88a471,true,
exhaustive_324,17,p1b-r1-exhaustive_324-b17-CFSM,CFSM,2,1000,10000,6277.4365,6204.0,6685.0,6796.0,616.7192974416593,309747712,309747712,309530624,54.043,53.556,"[1800000000, 1800000000, 1800000000, 1800000000]","[1800000000, 1800000000, 1800000000, 1800000000]",throttled=0x0,throttled=0x0,corrected_replacement/raw/block-17-exhaustive_324-CFSM.npy,6c77bd6d5c1867c5ec2f156f8ecbdd3826f717b2ea75b37b4c91e4f7f7b72390,,true,
exhaustive_324,17,p1b-r1-exhaustive_324-b17-Static-LightLR,Static-LightLR,3,1000,10000,627.3403,612.0,686.0,870.0100000000002,132.7447656715372,309747712,309747712,309530624,53.556,54.043,"[1800000000, 1800000000, 1800000000, 1800000000]","[1800000000, 1800000000, 1800000000, 1800000000]",throttled=0x0,throttled=0x0,corrected_replacement/raw/block-17-exhaustive_324-Static-LightLR.npy,6c77bd6d5c1867c5ec2f156f8ecbdd3826f717b2ea75b37b4c91e4f7f7b72390,,true,
exhaustive_324,17,p1b-r1-exhaustive_324-b17-Tabular-Q,Tabular-Q,4,1000,10000,10282.113,10240.0,10481.0,10852.0,765.5677264784499,309747712,309747712,309530624,53.556,52.095,"[1800000000, 1800000000, 1800000000, 1800000000]","[1800000000, 1800000000, 1800000000, 1800000000]",throttled=0x0,throttled=0x0,corrected_replacement/raw/block-17-exhaustive_324-Tabular-Q.npy,6c77bd6d5c1867c5ec2f156f8ecbdd3826f717b2ea75b37b4c91e4f7f7b72390,a89c52c9839fe4c97bbd81cdc97cd9d4bd58c9dab8a42dda728c225855501c17,true,
observed_support,17,p1b-r1-observed_support-b17-DQN,DQN,1,1000,10000,1563885.579,1554100.0,1628415.8499999999,1647098.0,42385.64210564976,309747712,309747712,309530624,53.556,55.504,"[1800000000, 1800000000, 1800000000, 1800000000]","[1800000000, 1800000000, 1800000000, 1800000000]",throttled=0x0,throttled=0x0,corrected_replacement/raw/block-17-observed_support-DQN.npy,6c77bd6d5c1867c5ec2f156f8ecbdd3826f717b2ea75b37b4c91e4f7f7b72390,123c380bb3d78c9ac8d34614eb1f0fcc30caaee79b420a78652f39c90a88a471,true,
observed_support,17,p1b-r1-observed_support-b17-CFSM,CFSM,2,1000,10000,6587.0602,6555.0,6925.0,7148.0,759.1889390398651,309747712,309747712,309530624,53.556,52.582,"[1800000000, 1800000000, 1800000000, 1800000000]","[1800000000, 1800000000, 1800000000, 1800000000]",throttled=0x0,throttled=0x0,corrected_replacement/raw/block-17-observed_support-CFSM.npy,6c77bd6d5c1867c5ec2f156f8ecbdd3826f717b2ea75b37b4c91e4f7f7b72390,,true,
observed_support,17,p1b-r1-observed_support-b17-Static-LightLR,Static-LightLR,3,1000,10000,695.3268,648.0,944.0,1093.180000000004,527.6889253736107,309747712,309747712,309530624,52.582,53.069,"[1800000000, 1800000000, 1800000000, 1800000000]","[1800000000, 1800000000, 1800000000, 1800000000]",throttled=0x0,throttled=0x0,corrected_replacement/raw/block-17-observed_support-Static-LightLR.npy,6c77bd6d5c1867c5ec2f156f8ecbdd3826f717b2ea75b37b4c91e4f7f7b72390,,true,
observed_support,17,p1b-r1-observed_support-b17-Tabular-Q,Tabular-Q,4,1000,10000,10572.3776,10518.0,10796.0,11055.0,842.4691728775391,309747712,309747712,309530624,53.556,53.069,"[1800000000, 1800000000, 1800000000, 1800000000]","[1800000000, 1800000000, 1800000000, 1800000000]",throttled=0x0,throttled=0x0,corrected_replacement/raw/block-17-observed_support-Tabular-Q.npy,6c77bd6d5c1867c5ec2f156f8ecbdd3826f717b2ea75b37b4c91e4f7f7b72390,a89c52c9839fe4c97bbd81cdc97cd9d4bd58c9dab8a42dda728c225855501c17,true,
exhaustive_324,18,p1b-r1-exhaustive_324-b18-DQN,DQN,1,1000,10000,1564973.7216,1555692.5,1630007.9,1651228.93,44755.54855773263,309747712,309747712,309530624,53.556,55.017,"[1800000000, 1800000000, 1800000000, 1800000000]","[1800000000, 1800000000, 1800000000, 1800000000]",throttled=0x0,throttled=0x0,corrected_replacement/raw/block-18-exhaustive_324-DQN.npy,6c77bd6d5c1867c5ec2f156f8ecbdd3826f717b2ea75b37b4c91e4f7f7b72390,123c380bb3d78c9ac8d34614eb1f0fcc30caaee79b420a78652f39c90a88a471,true,
exhaustive_324,18,p1b-r1-exhaustive_324-b18-Static-LightLR,Static-LightLR,2,1000,10000,621.5056,611.0,667.0,834.0,201.5584564084945,309747712,309747712,309530624,55.017,54.043,"[1800000000, 1800000000, 1800000000, 1800000000]","[1800000000, 1800000000, 1800000000, 1800000000]",throttled=0x0,throttled=0x0,corrected_replacement/raw/block-18-exhaustive_324-Static-LightLR.npy,6c77bd6d5c1867c5ec2f156f8ecbdd3826f717b2ea75b37b4c91e4f7f7b72390,,true,
exhaustive_324,18,p1b-r1-exhaustive_324-b18-CFSM,CFSM,3,1000,10000,6200.3472,6148.0,6500.0,6593.0,503.4645150394915,309747712,309747712,309530624,52.582,53.556,"[1800000000, 1800000000, 1800000000, 1800000000]","[1800000000, 1800000000, 1800000000, 1800000000]",throttled=0x0,throttled=0x0,corrected_replacement/raw/block-18-exhaustive_324-CFSM.npy,6c77bd6d5c1867c5ec2f156f8ecbdd3826f717b2ea75b37b4c91e4f7f7b72390,,true,
exhaustive_324,18,p1b-r1-exhaustive_324-b18-Tabular-Q,Tabular-Q,4,1000,10000,10410.6087,10370.0,10592.0,10963.0,771.0961699519986,309747712,309747712,309530624,52.582,53.069,"[1800000000, 1800000000, 1800000000, 1800000000]","[1800000000, 1800000000, 1800000000, 1800000000]",throttled=0x0,throttled=0x0,corrected_replacement/raw/block-18-exhaustive_324-Tabular-Q.npy,6c77bd6d5c1867c5ec2f156f8ecbdd3826f717b2ea75b37b4c91e4f7f7b72390,a89c52c9839fe4c97bbd81cdc97cd9d4bd58c9dab8a42dda728c225855501c17,true,
observed_support,18,p1b-r1-observed_support-b18-DQN,DQN,1,1000,10000,1565801.9562,1555776.5,1631136.0,1651137.29,44578.95827409117,309747712,309747712,309530624,54.53,55.017,"[1800000000, 1800000000, 1800000000, 1800000000]","[1800000000, 1800000000, 1800000000, 1800000000]",throttled=0x0,throttled=0x0,corrected_replacement/raw/block-18-observed_support-DQN.npy,6c77bd6d5c1867c5ec2f156f8ecbdd3826f717b2ea75b37b4c91e4f7f7b72390,123c380bb3d78c9ac8d34614eb1f0fcc30caaee79b420a78652f39c90a88a471,true,
observed_support,18,p1b-r1-observed_support-b18-Static-LightLR,Static-LightLR,2,1000,10000,678.0936,630.0,889.0,1074.0,413.2710296324113,309747712,309747712,309530624,53.556,53.556,"[1800000000, 1800000000, 1800000000, 1800000000]","[1800000000, 1800000000, 1800000000, 1800000000]",throttled=0x0,throttled=0x0,corrected_replacement/raw/block-18-observed_support-Static-LightLR.npy,6c77bd6d5c1867c5ec2f156f8ecbdd3826f717b2ea75b37b4c91e4f7f7b72390,,true,
observed_support,18,p1b-r1-observed_support-b18-CFSM,CFSM,3,1000,10000,6559.8495,6519.0,6907.0,7148.0,776.2108441507422,309747712,309747712,309530624,53.556,53.069,"[1800000000, 1800000000, 1800000000, 1800000000]","[1800000000, 1800000000, 1800000000, 1800000000]",throttled=0x0,throttled=0x0,corrected_replacement/raw/block-18-observed_support-CFSM.npy,6c77bd6d5c1867c5ec2f156f8ecbdd3826f717b2ea75b37b4c91e4f7f7b72390,,true,
observed_support,18,p1b-r1-observed_support-b18-Tabular-Q,Tabular-Q,4,1000,10000,10807.4034,10759.0,11092.0,11278.0,728.7903510653944,309747712,309747712,309530624,53.069,53.069,"[1800000000, 1800000000, 1800000000, 1800000000]","[1800000000, 1800000000, 1800000000, 1800000000]",throttled=0x0,throttled=0x0,corrected_replacement/raw/block-18-observed_support-Tabular-Q.npy,6c77bd6d5c1867c5ec2f156f8ecbdd3826f717b2ea75b37b4c91e4f7f7b72390,a89c52c9839fe4c97bbd81cdc97cd9d4bd58c9dab8a42dda728c225855501c17,true,
exhaustive_324,19,p1b-r1-exhaustive_324-b19-Tabular-Q,Tabular-Q,1,1000,10000,10434.485,10389.0,10666.0,10999.0,742.8885005890392,309747712,309747712,309530624,52.582,52.582,"[1800000000, 1800000000, 1800000000, 1800000000]","[1800000000, 1800000000, 1800000000, 1800000000]",throttled=0x0,throttled=0x0,corrected_replacement/raw/block-19-exhaustive_324-Tabular-Q.npy,6c77bd6d5c1867c5ec2f156f8ecbdd3826f717b2ea75b37b4c91e4f7f7b72390,a89c52c9839fe4c97bbd81cdc97cd9d4bd58c9dab8a42dda728c225855501c17,true,
exhaustive_324,19,p1b-r1-exhaustive_324-b19-Static-LightLR,Static-LightLR,2,1000,10000,619.7134,611.0,667.0,852.0,268.93223889179137,309747712,309747712,309530624,52.582,52.095,"[1800000000, 1800000000, 1800000000, 1800000000]","[1800000000, 1800000000, 1800000000, 1800000000]",throttled=0x0,throttled=0x0,corrected_replacement/raw/block-19-exhaustive_324-Static-LightLR.npy,6c77bd6d5c1867c5ec2f156f8ecbdd3826f717b2ea75b37b4c91e4f7f7b72390,,true,
exhaustive_324,19,p1b-r1-exhaustive_324-b19-CFSM,CFSM,3,1000,10000,6206.1759,6148.0,6573.0,6666.0,539.9346077973329,309747712,309747712,309530624,53.556,52.582,"[1800000000, 1800000000, 1800000000, 1800000000]","[1800000000, 1800000000, 1800000000, 1800000000]",throttled=0x0,throttled=0x0,corrected_replacement/raw/block-19-exhaustive_324-CFSM.npy,6c77bd6d5c1867c5ec2f156f8ecbdd3826f717b2ea75b37b4c91e4f7f7b72390,,true,
exhaustive_324,19,p1b-r1-exhaustive_324-b19-DQN,DQN,4,1000,10000,1551731.8107,1539054.5,1614192.0,1638858.18,41293.93626893813,309747712,309747712,309530624,54.53,54.53,"[1800000000, 1800000000, 1800000000, 1800000000]","[1800000000, 1800000000, 1800000000, 1800000000]",throttled=0x0,throttled=0x0,corrected_replacement/raw/block-19-exhaustive_324-DQN.npy,6c77bd6d5c1867c5ec2f156f8ecbdd3826f717b2ea75b37b4c91e4f7f7b72390,123c380bb3d78c9ac8d34614eb1f0fcc30caaee79b420a78652f39c90a88a471,true,
observed_support,19,p1b-r1-observed_support-b19-Tabular-Q,Tabular-Q,1,1000,10000,10961.2769,10907.0,11240.0,11462.0,780.5258914943945,309747712,309747712,309530624,54.043,53.556,"[1800000000, 1800000000, 1800000000, 1800000000]","[1800000000, 1800000000, 1800000000, 1800000000]",throttled=0x0,throttled=0x0,corrected_replacement/raw/block-19-observed_support-Tabular-Q.npy,6c77bd6d5c1867c5ec2f156f8ecbdd3826f717b2ea75b37b4c91e4f7f7b72390,a89c52c9839fe4c97bbd81cdc97cd9d4bd58c9dab8a42dda728c225855501c17,true,
observed_support,19,p1b-r1-observed_support-b19-Static-LightLR,Static-LightLR,2,1000,10000,742.6152,685.0,1019.0,1222.0,450.5047957414645,309747712,309747712,309530624,53.556,53.556,"[1800000000, 1800000000, 1800000000, 1800000000]","[1800000000, 1800000000, 1800000000, 1800000000]",throttled=0x0,throttled=0x0,corrected_replacement/raw/block-19-observed_support-Static-LightLR.npy,6c77bd6d5c1867c5ec2f156f8ecbdd3826f717b2ea75b37b4c91e4f7f7b72390,,true,
observed_support,19,p1b-r1-observed_support-b19-CFSM,CFSM,3,1000,10000,6702.3319,6666.0,7074.0,7333.0,734.7922056615325,309747712,309747712,309530624,53.069,53.556,"[1800000000, 1800000000, 1800000000, 1800000000]","[1800000000, 1800000000, 1800000000, 1800000000]",throttled=0x0,throttled=0x0,corrected_replacement/raw/block-19-observed_support-CFSM.npy,6c77bd6d5c1867c5ec2f156f8ecbdd3826f717b2ea75b37b4c91e4f7f7b72390,,true,
observed_support,19,p1b-r1-observed_support-b19-DQN,DQN,4,1000,10000,1557137.1619,1545396.5,1620767.8,1643506.55,42339.117071785164,309747712,309747712,309530624,54.043,54.043,"[1800000000, 1800000000, 1800000000, 1800000000]","[1800000000, 1800000000, 1800000000, 1800000000]",throttled=0x0,throttled=0x0,corrected_replacement/raw/block-19-observed_support-DQN.npy,6c77bd6d5c1867c5ec2f156f8ecbdd3826f717b2ea75b37b4c91e4f7f7b72390,123c380bb3d78c9ac8d34614eb1f0fcc30caaee79b420a78652f39c90a88a471,true,
exhaustive_324,20,p1b-r1-exhaustive_324-b20-CFSM,CFSM,1,1000,10000,6235.3795,6167.0,6666.0,6778.0,509.899957125295,309747712,309747712,309530624,54.043,53.556,"[1800000000, 1800000000, 1800000000, 1800000000]","[1800000000, 1800000000, 1800000000, 1800000000]",throttled=0x0,throttled=0x0,corrected_replacement/raw/block-20-exhaustive_324-CFSM.npy,6c77bd6d5c1867c5ec2f156f8ecbdd3826f717b2ea75b37b4c91e4f7f7b72390,,true,
exhaustive_324,20,p1b-r1-exhaustive_324-b20-Static-LightLR,Static-LightLR,2,1000,10000,614.8338,611.0,667.0,852.0,168.31728862040538,309747712,309747712,309530624,53.556,53.556,"[1800000000, 1800000000, 1800000000, 1800000000]","[1800000000, 1800000000, 1800000000, 1800000000]",throttled=0x0,throttled=0x0,corrected_replacement/raw/block-20-exhaustive_324-Static-LightLR.npy,6c77bd6d5c1867c5ec2f156f8ecbdd3826f717b2ea75b37b4c91e4f7f7b72390,,true,
exhaustive_324,20,p1b-r1-exhaustive_324-b20-Tabular-Q,Tabular-Q,3,1000,10000,10416.4737,10370.0,10611.0,11000.180000000004,985.9224756648529,309747712,309747712,309530624,53.556,53.556,"[1800000000, 1800000000, 1800000000, 1800000000]","[1800000000, 1800000000, 1800000000, 1800000000]",throttled=0x0,throttled=0x0,corrected_replacement/raw/block-20-exhaustive_324-Tabular-Q.npy,6c77bd6d5c1867c5ec2f156f8ecbdd3826f717b2ea75b37b4c91e4f7f7b72390,a89c52c9839fe4c97bbd81cdc97cd9d4bd58c9dab8a42dda728c225855501c17,true,
exhaustive_324,20,p1b-r1-exhaustive_324-b20-DQN,DQN,4,1000,10000,1565710.2145,1536618.5,1618197.5499999998,1707843.2600000005,243989.93448137472,309747712,309747712,309530624,53.069,55.504,"[1800000000, 1800000000, 1800000000, 1800000000]","[1800000000, 1800000000, 1800000000, 1800000000]",throttled=0x0,throttled=0x0,corrected_replacement/raw/block-20-exhaustive_324-DQN.npy,6c77bd6d5c1867c5ec2f156f8ecbdd3826f717b2ea75b37b4c91e4f7f7b72390,123c380bb3d78c9ac8d34614eb1f0fcc30caaee79b420a78652f39c90a88a471,true,
observed_support,20,p1b-r1-observed_support-b20-CFSM,CFSM,1,1000,10000,6513.5333,6444.0,6925.049999999999,7203.0,974.5206468516836,309747712,309747712,309530624,55.504,54.53,"[1800000000, 1800000000, 1800000000, 1800000000]","[1800000000, 1800000000, 1800000000, 1800000000]",throttled=0x0,throttled=0x0,corrected_replacement/raw/block-20-observed_support-CFSM.npy,6c77bd6d5c1867c5ec2f156f8ecbdd3826f717b2ea75b37b4c91e4f7f7b72390,,true,
observed_support,20,p1b-r1-observed_support-b20-Static-LightLR,Static-LightLR,2,1000,10000,690.3658,648.0,908.0,1074.0,536.7805297550129,309747712,309747712,309530624,54.53,53.556,"[1800000000, 1800000000, 1800000000, 1800000000]","[1800000000, 1800000000, 1800000000, 1800000000]",throttled=0x0,throttled=0x0,corrected_replacement/raw/block-20-observed_support-Static-LightLR.npy,6c77bd6d5c1867c5ec2f156f8ecbdd3826f717b2ea75b37b4c91e4f7f7b72390,,true,
observed_support,20,p1b-r1-observed_support-b20-Tabular-Q,Tabular-Q,3,1000,10000,10921.3016,10833.0,11166.0,11444.180000000004,1882.0333176589404,309747712,309747712,309530624,54.043,52.582,"[1800000000, 1800000000, 1800000000, 1800000000]","[1800000000, 1800000000, 1800000000, 1800000000]",throttled=0x0,throttled=0x0,corrected_replacement/raw/block-20-observed_support-Tabular-Q.npy,6c77bd6d5c1867c5ec2f156f8ecbdd3826f717b2ea75b37b4c91e4f7f7b72390,a89c52c9839fe4c97bbd81cdc97cd9d4bd58c9dab8a42dda728c225855501c17,true,
observed_support,20,p1b-r1-observed_support-b20-DQN,DQN,4,1000,10000,1561055.9239,1547693.0,1628878.8499999999,1652474.1900000002,50741.9280489175,309747712,309747712,309530624,54.53,55.017,"[1800000000, 1800000000, 1800000000, 1800000000]","[1800000000, 1800000000, 1800000000, 1800000000]",throttled=0x0,throttled=0x0,corrected_replacement/raw/block-20-observed_support-DQN.npy,6c77bd6d5c1867c5ec2f156f8ecbdd3826f717b2ea75b37b4c91e4f7f7b72390,123c380bb3d78c9ac8d34614eb1f0fcc30caaee79b420a78652f39c90a88a471,true,
exhaustive_324,21,p1b-r1-exhaustive_324-b21-DQN,DQN,1,1000,10000,1571198.98,1560378.0,1636154.0,1657228.74,47378.01360344375,309747712,309747712,309530624,54.53,54.043,"[1800000000, 1800000000, 1800000000, 1800000000]","[1800000000, 1800000000, 1800000000, 1800000000]",throttled=0x0,throttled=0x0,corrected_replacement/raw/block-21-exhaustive_324-DQN.npy,6c77bd6d5c1867c5ec2f156f8ecbdd3826f717b2ea75b37b4c91e4f7f7b72390,123c380bb3d78c9ac8d34614eb1f0fcc30caaee79b420a78652f39c90a88a471,true,
exhaustive_324,21,p1b-r1-exhaustive_324-b21-CFSM,CFSM,2,1000,10000,6265.9749,6222.0,6574.0,6667.180000000004,421.8859908185088,309747712,309747712,309530624,54.53,54.043,"[1800000000, 1800000000, 1800000000, 1800000000]","[1800000000, 1800000000, 1800000000, 1800000000]",throttled=0x0,throttled=0x0,corrected_replacement/raw/block-21-exhaustive_324-CFSM.npy,6c77bd6d5c1867c5ec2f156f8ecbdd3826f717b2ea75b37b4c91e4f7f7b72390,,true,
exhaustive_324,21,p1b-r1-exhaustive_324-b21-Tabular-Q,Tabular-Q,3,1000,10000,10372.4488,10333.0,10592.0,10926.0,745.7862344461106,309747712,309747712,309530624,54.043,54.043,"[1800000000, 1800000000, 1800000000, 1800000000]","[1800000000, 1800000000, 1800000000, 1800000000]",throttled=0x0,throttled=0x0,corrected_replacement/raw/block-21-exhaustive_324-Tabular-Q.npy,6c77bd6d5c1867c5ec2f156f8ecbdd3826f717b2ea75b37b4c91e4f7f7b72390,a89c52c9839fe4c97bbd81cdc97cd9d4bd58c9dab8a42dda728c225855501c17,true,
exhaustive_324,21,p1b-r1-exhaustive_324-b21-Static-LightLR,Static-LightLR,4,1000,10000,612.6542,611.0,667.0,907.0,85.51540393865353,309747712,309747712,309530624,54.043,53.069,"[1800000000, 1800000000, 1800000000, 1800000000]","[1800000000, 1800000000, 1800000000, 1800000000]",throttled=0x0,throttled=0x0,corrected_replacement/raw/block-21-exhaustive_324-Static-LightLR.npy,6c77bd6d5c1867c5ec2f156f8ecbdd3826f717b2ea75b37b4c91e4f7f7b72390,,true,
observed_support,21,p1b-r1-observed_support-b21-DQN,DQN,1,1000,10000,1579683.1222,1568776.0,1643895.9,1665025.6600000001,47152.902200007324,309747712,309747712,309530624,55.991,54.53,"[1800000000, 1800000000, 1800000000, 1800000000]","[1800000000, 1800000000, 1800000000, 1800000000]",throttled=0x0,throttled=0x0,corrected_replacement/raw/block-21-observed_support-DQN.npy,6c77bd6d5c1867c5ec2f156f8ecbdd3826f717b2ea75b37b4c91e4f7f7b72390,123c380bb3d78c9ac8d34614eb1f0fcc30caaee79b420a78652f39c90a88a471,true,
observed_support,21,p1b-r1-observed_support-b21-CFSM,CFSM,2,1000,10000,6542.6364,6482.0,6925.0,7148.0,726.75128230893,309747712,309747712,309530624,54.53,54.043,"[1800000000, 1800000000, 1800000000, 1800000000]","[1800000000, 1800000000, 1800000000, 1800000000]",throttled=0x0,throttled=0x0,corrected_replacement/raw/block-21-observed_support-CFSM.npy,6c77bd6d5c1867c5ec2f156f8ecbdd3826f717b2ea75b37b4c91e4f7f7b72390,,true,
observed_support,21,p1b-r1-observed_support-b21-Tabular-Q,Tabular-Q,3,1000,10000,10798.5233,10741.0,11092.0,11296.0,793.9666934879239,309747712,309747712,309530624,53.556,53.069,"[1800000000, 1800000000, 1800000000, 1800000000]","[1800000000, 1800000000, 1800000000, 1800000000]",throttled=0x0,throttled=0x0,corrected_replacement/raw/block-21-observed_support-Tabular-Q.npy,6c77bd6d5c1867c5ec2f156f8ecbdd3826f717b2ea75b37b4c91e4f7f7b72390,a89c52c9839fe4c97bbd81cdc97cd9d4bd58c9dab8a42dda728c225855501c17,true,
observed_support,21,p1b-r1-observed_support-b21-Static-LightLR,Static-LightLR,4,1000,10000,688.6668,648.0,908.0,1074.0,139.93301791468042,309747712,309747712,309530624,53.069,54.53,"[1800000000, 1800000000, 1800000000, 1800000000]","[1800000000, 1800000000, 1800000000, 1800000000]",throttled=0x0,throttled=0x0,corrected_replacement/raw/block-21-observed_support-Static-LightLR.npy,6c77bd6d5c1867c5ec2f156f8ecbdd3826f717b2ea75b37b4c91e4f7f7b72390,,true,
exhaustive_324,22,p1b-r1-exhaustive_324-b22-CFSM,CFSM,1,1000,10000,6259.5594,6204.0,6630.0,6722.0,630.2902281082937,309747712,309747712,309530624,54.043,52.095,"[1800000000, 1800000000, 1800000000, 1800000000]","[1800000000, 1800000000, 1800000000, 1800000000]",throttled=0x0,throttled=0x0,corrected_replacement/raw/block-22-exhaustive_324-CFSM.npy,6c77bd6d5c1867c5ec2f156f8ecbdd3826f717b2ea75b37b4c91e4f7f7b72390,,true,
exhaustive_324,22,p1b-r1-exhaustive_324-b22-Static-LightLR,Static-LightLR,2,1000,10000,608.7728,611.0,667.0,834.0,84.45075116952667,309747712,309747712,309530624,52.582,52.582,"[1800000000, 1800000000, 1800000000, 1800000000]","[1800000000, 1800000000, 1800000000, 1800000000]",throttled=0x0,throttled=0x0,corrected_replacement/raw/block-22-exhaustive_324-Static-LightLR.npy,6c77bd6d5c1867c5ec2f156f8ecbdd3826f717b2ea75b37b4c91e4f7f7b72390,,true,
exhaustive_324,22,p1b-r1-exhaustive_324-b22-DQN,DQN,3,1000,10000,1576247.194,1564748.0,1641432.95,1665192.85,50246.0712783204,309747712,309747712,309530624,54.53,53.069,"[1800000000, 1800000000, 1800000000, 1800000000]","[1800000000, 1800000000, 1800000000, 1800000000]",throttled=0x0,throttled=0x0,corrected_replacement/raw/block-22-exhaustive_324-DQN.npy,6c77bd6d5c1867c5ec2f156f8ecbdd3826f717b2ea75b37b4c91e4f7f7b72390,123c380bb3d78c9ac8d34614eb1f0fcc30caaee79b420a78652f39c90a88a471,true,
exhaustive_324,22,p1b-r1-exhaustive_324-b22-Tabular-Q,Tabular-Q,4,1000,10000,10399.8044,10352.0,10593.0,10851.01,750.1335399603308,309747712,309747712,309530624,54.53,53.069,"[1800000000, 1800000000, 1800000000, 1800000000]","[1800000000, 1800000000, 1800000000, 1800000000]",throttled=0x0,throttled=0x0,corrected_replacement/raw/block-22-exhaustive_324-Tabular-Q.npy,6c77bd6d5c1867c5ec2f156f8ecbdd3826f717b2ea75b37b4c91e4f7f7b72390,a89c52c9839fe4c97bbd81cdc97cd9d4bd58c9dab8a42dda728c225855501c17,true,
observed_support,22,p1b-r1-observed_support-b22-CFSM,CFSM,1,1000,10000,6570.0441,6518.0,6926.0,7167.180000000004,973.3947227532202,309747712,309747712,309530624,54.043,53.556,"[1800000000, 1800000000, 1800000000, 1800000000]","[1800000000, 1800000000, 1800000000, 1800000000]",throttled=0x0,throttled=0x0,corrected_replacement/raw/block-22-observed_support-CFSM.npy,6c77bd6d5c1867c5ec2f156f8ecbdd3826f717b2ea75b37b4c91e4f7f7b72390,,true,
observed_support,22,p1b-r1-observed_support-b22-Static-LightLR,Static-LightLR,2,1000,10000,759.7844,741.0,1019.0,1222.0,164.1990263328771,309747712,309747712,309530624,52.582,53.069,"[1800000000, 1800000000, 1800000000, 1800000000]","[1800000000, 1800000000, 1800000000, 1800000000]",throttled=0x0,throttled=0x0,corrected_replacement/raw/block-22-observed_support-Static-LightLR.npy,6c77bd6d5c1867c5ec2f156f8ecbdd3826f717b2ea75b37b4c91e4f7f7b72390,,true,
observed_support,22,p1b-r1-observed_support-b22-DQN,DQN,3,1000,10000,1584717.3436,1572739.0,1648080.95,1673987.37,52752.44936527727,309747712,309747712,309530624,54.53,53.556,"[1800000000, 1800000000, 1800000000, 1800000000]","[1800000000, 1800000000, 1800000000, 1800000000]",throttled=0x0,throttled=0x0,corrected_replacement/raw/block-22-observed_support-DQN.npy,6c77bd6d5c1867c5ec2f156f8ecbdd3826f717b2ea75b37b4c91e4f7f7b72390,123c380bb3d78c9ac8d34614eb1f0fcc30caaee79b420a78652f39c90a88a471,true,
observed_support,22,p1b-r1-observed_support-b22-Tabular-Q,Tabular-Q,4,1000,10000,10805.3779,10741.0,11074.0,11333.0,1019.0827691903323,309747712,309747712,309530624,54.53,53.069,"[1800000000, 1800000000, 1800000000, 1800000000]","[1800000000, 1800000000, 1800000000, 1800000000]",throttled=0x0,throttled=0x0,corrected_replacement/raw/block-22-observed_support-Tabular-Q.npy,6c77bd6d5c1867c5ec2f156f8ecbdd3826f717b2ea75b37b4c91e4f7f7b72390,a89c52c9839fe4c97bbd81cdc97cd9d4bd58c9dab8a42dda728c225855501c17,true,
exhaustive_324,23,p1b-r1-exhaustive_324-b23-CFSM,CFSM,1,1000,10000,6266.8956,6204.0,6629.0,6722.0,599.5955948707252,309747712,309747712,309530624,54.043,54.043,"[1800000000, 1800000000, 1800000000, 1800000000]","[1800000000, 1800000000, 1800000000, 1800000000]",throttled=0x0,throttled=0x0,corrected_replacement/raw/block-23-exhaustive_324-CFSM.npy,6c77bd6d5c1867c5ec2f156f8ecbdd3826f717b2ea75b37b4c91e4f7f7b72390,,true,
exhaustive_324,23,p1b-r1-exhaustive_324-b23-Tabular-Q,Tabular-Q,2,1000,10000,10459.9962,10408.0,10704.0,11111.0,708.2734412021329,309747712,309747712,309530624,53.556,53.069,"[1800000000, 1800000000, 1800000000, 1800000000]","[1800000000, 1800000000, 1800000000, 1800000000]",throttled=0x0,throttled=0x0,corrected_replacement/raw/block-23-exhaustive_324-Tabular-Q.npy,6c77bd6d5c1867c5ec2f156f8ecbdd3826f717b2ea75b37b4c91e4f7f7b72390,a89c52c9839fe4c97bbd81cdc97cd9d4bd58c9dab8a42dda728c225855501c17,true,
exhaustive_324,23,p1b-r1-exhaustive_324-b23-Static-LightLR,Static-LightLR,3,1000,10000,620.4211,611.0,667.0,815.0,211.782779680896,309747712,309747712,309530624,54.043,53.069,"[1800000000, 1800000000, 1800000000, 1800000000]","[1800000000, 1800000000, 1800000000, 1800000000]",throttled=0x0,throttled=0x0,corrected_replacement/raw/block-23-exhaustive_324-Static-LightLR.npy,6c77bd6d5c1867c5ec2f156f8ecbdd3826f717b2ea75b37b4c91e4f7f7b72390,,true,
exhaustive_324,23,p1b-r1-exhaustive_324-b23-DQN,DQN,4,1000,10000,1563409.219,1551100.0,1631766.8499999999,1655564.8900000001,50411.78065636378,309747712,309747712,309530624,55.017,54.53,"[1800000000, 1800000000, 1800000000, 1800000000]","[1800000000, 1800000000, 1800000000, 1800000000]",throttled=0x0,throttled=0x0,corrected_replacement/raw/block-23-exhaustive_324-DQN.npy,6c77bd6d5c1867c5ec2f156f8ecbdd3826f717b2ea75b37b4c91e4f7f7b72390,123c380bb3d78c9ac8d34614eb1f0fcc30caaee79b420a78652f39c90a88a471,true,
observed_support,23,p1b-r1-observed_support-b23-CFSM,CFSM,1,1000,10000,6587.2888,6537.0,6963.0,7222.0,1180.2067296821513,309747712,309747712,309530624,54.53,54.043,"[1800000000, 1800000000, 1800000000, 1800000000]","[1800000000, 1800000000, 1800000000, 1800000000]",throttled=0x0,throttled=0x0,corrected_replacement/raw/block-23-observed_support-CFSM.npy,6c77bd6d5c1867c5ec2f156f8ecbdd3826f717b2ea75b37b4c91e4f7f7b72390,,true,
observed_support,23,p1b-r1-observed_support-b23-Tabular-Q,Tabular-Q,2,1000,10000,10822.5076,10741.0,11056.0,11315.0,1398.086594941435,309747712,309747712,309530624,53.069,53.556,"[1800000000, 1800000000, 1800000000, 1800000000]","[1800000000, 1800000000, 1800000000, 1800000000]",throttled=0x0,throttled=0x0,corrected_replacement/raw/block-23-observed_support-Tabular-Q.npy,6c77bd6d5c1867c5ec2f156f8ecbdd3826f717b2ea75b37b4c91e4f7f7b72390,a89c52c9839fe4c97bbd81cdc97cd9d4bd58c9dab8a42dda728c225855501c17,true,
observed_support,23,p1b-r1-observed_support-b23-Static-LightLR,Static-LightLR,3,1000,10000,683.1451,648.0,888.0,1037.0,531.7239354028912,309747712,309747712,309530624,53.556,52.095,"[1800000000, 1800000000, 1800000000, 1800000000]","[1800000000, 1800000000, 1800000000, 1800000000]",throttled=0x0,throttled=0x0,corrected_replacement/raw/block-23-observed_support-Static-LightLR.npy,6c77bd6d5c1867c5ec2f156f8ecbdd3826f717b2ea75b37b4c91e4f7f7b72390,,true,
observed_support,23,p1b-r1-observed_support-b23-DQN,DQN,4,1000,10000,1584958.9817,1555165.5,1637802.0,1736716.5200000003,264917.55440964305,309747712,309747712,309530624,54.53,55.017,"[1800000000, 1800000000, 1800000000, 1800000000]","[1800000000, 1800000000, 1800000000, 1800000000]",throttled=0x0,throttled=0x0,corrected_replacement/raw/block-23-observed_support-DQN.npy,6c77bd6d5c1867c5ec2f156f8ecbdd3826f717b2ea75b37b4c91e4f7f7b72390,123c380bb3d78c9ac8d34614eb1f0fcc30caaee79b420a78652f39c90a88a471,true,
exhaustive_324,24,p1b-r1-exhaustive_324-b24-DQN,DQN,1,1000,10000,1575369.1431,1565100.0,1640693.8,1662507.23,43109.80756518467,309747712,309747712,309530624,54.53,53.556,"[1800000000, 1800000000, 1800000000, 1800000000]","[1800000000, 1800000000, 1800000000, 1800000000]",throttled=0x0,throttled=0x0,corrected_replacement/raw/block-24-exhaustive_324-DQN.npy,6c77bd6d5c1867c5ec2f156f8ecbdd3826f717b2ea75b37b4c91e4f7f7b72390,123c380bb3d78c9ac8d34614eb1f0fcc30caaee79b420a78652f39c90a88a471,true,
exhaustive_324,24,p1b-r1-exhaustive_324-b24-Tabular-Q,Tabular-Q,2,1000,10000,10416.25,10388.0,10593.0,10777.01,725.1568206543011,309747712,309747712,309530624,54.53,54.53,"[1800000000, 1800000000, 1800000000, 1800000000]","[1800000000, 1800000000, 1800000000, 1800000000]",throttled=0x0,throttled=0x0,corrected_replacement/raw/block-24-exhaustive_324-Tabular-Q.npy,6c77bd6d5c1867c5ec2f156f8ecbdd3826f717b2ea75b37b4c91e4f7f7b72390,a89c52c9839fe4c97bbd81cdc97cd9d4bd58c9dab8a42dda728c225855501c17,true,
exhaustive_324,24,p1b-r1-exhaustive_324-b24-Static-LightLR,Static-LightLR,3,1000,10000,622.4,611.0,685.0,852.0,97.91734565774374,309747712,309747712,309530624,54.53,54.043,"[1800000000, 1800000000, 1800000000, 1800000000]","[1800000000, 1800000000, 1800000000, 1800000000]",throttled=0x0,throttled=0x0,corrected_replacement/raw/block-24-exhaustive_324-Static-LightLR.npy,6c77bd6d5c1867c5ec2f156f8ecbdd3826f717b2ea75b37b4c91e4f7f7b72390,,true,
exhaustive_324,24,p1b-r1-exhaustive_324-b24-CFSM,CFSM,4,1000,10000,6213.3774,6148.0,6592.0,6685.0,563.6326425472663,309747712,309747712,309530624,54.043,54.53,"[1800000000, 1800000000, 1800000000, 1800000000]","[1800000000, 1800000000, 1800000000, 1800000000]",throttled=0x0,throttled=0x0,corrected_replacement/raw/block-24-exhaustive_324-CFSM.npy,6c77bd6d5c1867c5ec2f156f8ecbdd3826f717b2ea75b37b4c91e4f7f7b72390,,true,
observed_support,24,p1b-r1-observed_support-b24-DQN,DQN,1,1000,10000,1577729.6783,1566766.5,1642006.0,1661197.11,44497.421062932786,309747712,309747712,309530624,54.53,55.017,"[1800000000, 1800000000, 1800000000, 1800000000]","[1800000000, 1800000000, 1800000000, 1800000000]",throttled=0x0,throttled=0x0,corrected_replacement/raw/block-24-observed_support-DQN.npy,6c77bd6d5c1867c5ec2f156f8ecbdd3826f717b2ea75b37b4c91e4f7f7b72390,123c380bb3d78c9ac8d34614eb1f0fcc30caaee79b420a78652f39c90a88a471,true,
observed_support,24,p1b-r1-observed_support-b24-Tabular-Q,Tabular-Q,2,1000,10000,10768.7898,10722.0,11036.0,11259.0,775.9565349105368,309747712,309747712,309530624,55.017,55.017,"[1800000000, 1800000000, 1800000000, 1800000000]","[1800000000, 1800000000, 1800000000, 1800000000]",throttled=0x0,throttled=0x0,corrected_replacement/raw/block-24-observed_support-Tabular-Q.npy,6c77bd6d5c1867c5ec2f156f8ecbdd3826f717b2ea75b37b4c91e4f7f7b72390,a89c52c9839fe4c97bbd81cdc97cd9d4bd58c9dab8a42dda728c225855501c17,true,
observed_support,24,p1b-r1-observed_support-b24-Static-LightLR,Static-LightLR,3,1000,10000,695.6023,649.0,907.0,1056.0,447.71582759707985,309747712,309747712,309530624,53.556,54.043,"[1800000000, 1800000000, 1800000000, 1800000000]","[1800000000, 1800000000, 1800000000, 1800000000]",throttled=0x0,throttled=0x0,corrected_replacement/raw/block-24-observed_support-Static-LightLR.npy,6c77bd6d5c1867c5ec2f156f8ecbdd3826f717b2ea75b37b4c91e4f7f7b72390,,true,
observed_support,24,p1b-r1-observed_support-b24-CFSM,CFSM,4,1000,10000,6554.6076,6500.0,6925.0,7185.0,925.3782288928625,309747712,309747712,309530624,54.043,55.017,"[1800000000, 1800000000, 1800000000, 1800000000]","[1800000000, 1800000000, 1800000000, 1800000000]",throttled=0x0,throttled=0x0,corrected_replacement/raw/block-24-observed_support-CFSM.npy,6c77bd6d5c1867c5ec2f156f8ecbdd3826f717b2ea75b37b4c91e4f7f7b72390,,true,
exhaustive_324,25,p1b-r1-exhaustive_324-b25-CFSM,CFSM,1,1000,10000,6226.0667,6148.0,6611.0,6722.0,769.9608721393397,309747712,309747712,309530624,54.043,54.043,"[1800000000, 1800000000, 1800000000, 1800000000]","[1800000000, 1800000000, 1800000000, 1800000000]",throttled=0x0,throttled=0x0,corrected_replacement/raw/block-25-exhaustive_324-CFSM.npy,6c77bd6d5c1867c5ec2f156f8ecbdd3826f717b2ea75b37b4c91e4f7f7b72390,,true,
exhaustive_324,25,p1b-r1-exhaustive_324-b25-Static-LightLR,Static-LightLR,2,1000,10000,609.0187,611.0,666.0,797.0,81.06824998990446,309747712,309747712,309530624,54.043,53.556,"[1800000000, 1800000000, 1800000000, 1800000000]","[1800000000, 1800000000, 1800000000, 1800000000]",throttled=0x0,throttled=0x0,corrected_replacement/raw/block-25-exhaustive_324-Static-LightLR.npy,6c77bd6d5c1867c5ec2f156f8ecbdd3826f717b2ea75b37b4c91e4f7f7b72390,,true,
exhaustive_324,25,p1b-r1-exhaustive_324-b25-DQN,DQN,3,1000,10000,1574146.4744,1563378.0,1640099.9,1659284.74,42102.102377218675,309747712,309747712,309530624,53.556,54.53,"[1800000000, 1800000000, 1800000000, 1800000000]","[1800000000, 1800000000, 1800000000, 1800000000]",throttled=0x0,throttled=0x0,corrected_replacement/raw/block-25-exhaustive_324-DQN.npy,6c77bd6d5c1867c5ec2f156f8ecbdd3826f717b2ea75b37b4c91e4f7f7b72390,123c380bb3d78c9ac8d34614eb1f0fcc30caaee79b420a78652f39c90a88a471,true,
exhaustive_324,25,p1b-r1-exhaustive_324-b25-Tabular-Q,Tabular-Q,4,1000,10000,10415.2191,10370.0,10611.0,10963.0,702.7388955299963,309747712,309747712,309530624,54.53,54.53,"[1800000000, 1800000000, 1800000000, 1800000000]","[1800000000, 1800000000, 1800000000, 1800000000]",throttled=0x0,throttled=0x0,corrected_replacement/raw/block-25-exhaustive_324-Tabular-Q.npy,6c77bd6d5c1867c5ec2f156f8ecbdd3826f717b2ea75b37b4c91e4f7f7b72390,a89c52c9839fe4c97bbd81cdc97cd9d4bd58c9dab8a42dda728c225855501c17,true,
observed_support,25,p1b-r1-observed_support-b25-CFSM,CFSM,1,1000,10000,6559.3311,6518.0,6926.0,7148.0,722.829023249949,309747712,309747712,309530624,54.53,54.53,"[1800000000, 1800000000, 1800000000, 1800000000]","[1800000000, 1800000000, 1800000000, 1800000000]",throttled=0x0,throttled=0x0,corrected_replacement/raw/block-25-observed_support-CFSM.npy,6c77bd6d5c1867c5ec2f156f8ecbdd3826f717b2ea75b37b4c91e4f7f7b72390,,true,
observed_support,25,p1b-r1-observed_support-b25-Static-LightLR,Static-LightLR,2,1000,10000,816.2539,778.0,1000.0,1222.0,350.9470128315264,309747712,309747712,309530624,54.53,54.53,"[1800000000, 1800000000, 1800000000, 1800000000]","[1800000000, 1800000000, 1800000000, 1800000000]",throttled=0x0,throttled=0x0,corrected_replacement/raw/block-25-observed_support-Static-LightLR.npy,6c77bd6d5c1867c5ec2f156f8ecbdd3826f717b2ea75b37b4c91e4f7f7b72390,,true,
observed_support,25,p1b-r1-observed_support-b25-DQN,DQN,3,1000,10000,1578258.0986,1567322.5,1642211.8,1666099.67,45821.275349384836,309747712,309747712,309530624,55.504,54.043,"[1800000000, 1800000000, 1800000000, 1800000000]","[1800000000, 1800000000, 1800000000, 1800000000]",throttled=0x0,throttled=0x0,corrected_replacement/raw/block-25-observed_support-DQN.npy,6c77bd6d5c1867c5ec2f156f8ecbdd3826f717b2ea75b37b4c91e4f7f7b72390,123c380bb3d78c9ac8d34614eb1f0fcc30caaee79b420a78652f39c90a88a471,true,
observed_support,25,p1b-r1-observed_support-b25-Tabular-Q,Tabular-Q,4,1000,10000,10689.9362,10648.0,10926.0,11185.0,751.2327583347784,309747712,309747712,309530624,55.017,54.53,"[1800000000, 1800000000, 1800000000, 1800000000]","[1800000000, 1800000000, 1800000000, 1800000000]",throttled=0x0,throttled=0x0,corrected_replacement/raw/block-25-observed_support-Tabular-Q.npy,6c77bd6d5c1867c5ec2f156f8ecbdd3826f717b2ea75b37b4c91e4f7f7b72390,a89c52c9839fe4c97bbd81cdc97cd9d4bd58c9dab8a42dda728c225855501c17,true,
exhaustive_324,26,p1b-r1-exhaustive_324-b26-Tabular-Q,Tabular-Q,1,1000,10000,10373.0618,10333.0,10573.0,10814.0,760.8285282412185,309747712,309747712,309530624,54.043,54.53,"[1800000000, 1800000000, 1800000000, 1800000000]","[1800000000, 1800000000, 1800000000, 1800000000]",throttled=0x0,throttled=0x0,corrected_replacement/raw/block-26-exhaustive_324-Tabular-Q.npy,6c77bd6d5c1867c5ec2f156f8ecbdd3826f717b2ea75b37b4c91e4f7f7b72390,a89c52c9839fe4c97bbd81cdc97cd9d4bd58c9dab8a42dda728c225855501c17,true,
exhaustive_324,26,p1b-r1-exhaustive_324-b26-CFSM,CFSM,2,1000,10000,6177.7257,6111.0,6574.0,6685.0,575.6216945990129,309747712,309747712,309530624,53.556,54.043,"[1800000000, 1800000000, 1800000000, 1800000000]","[1800000000, 1800000000, 1800000000, 1800000000]",throttled=0x0,throttled=0x0,corrected_replacement/raw/block-26-exhaustive_324-CFSM.npy,6c77bd6d5c1867c5ec2f156f8ecbdd3826f717b2ea75b37b4c91e4f7f7b72390,,true,
exhaustive_324,26,p1b-r1-exhaustive_324-b26-DQN,DQN,3,1000,10000,1574347.7187,1564544.5,1638210.95,1656330.2600000002,40797.960547015704,309747712,309747712,309530624,54.53,53.556,"[1800000000, 1800000000, 1800000000, 1800000000]","[1800000000, 1800000000, 1800000000, 1800000000]",throttled=0x0,throttled=0x0,corrected_replacement/raw/block-26-exhaustive_324-DQN.npy,6c77bd6d5c1867c5ec2f156f8ecbdd3826f717b2ea75b37b4c91e4f7f7b72390,123c380bb3d78c9ac8d34614eb1f0fcc30caaee79b420a78652f39c90a88a471,true,
exhaustive_324,26,p1b-r1-exhaustive_324-b26-Static-LightLR,Static-LightLR,4,1000,10000,615.1889,611.0,667.0,834.0,260.06790487929277,309747712,309747712,309530624,53.556,54.043,"[1800000000, 1800000000, 1800000000, 1800000000]","[1800000000, 1800000000, 1800000000, 1800000000]",throttled=0x0,throttled=0x0,corrected_replacement/raw/block-26-exhaustive_324-Static-LightLR.npy,6c77bd6d5c1867c5ec2f156f8ecbdd3826f717b2ea75b37b4c91e4f7f7b72390,,true,
observed_support,26,p1b-r1-observed_support-b26-Tabular-Q,Tabular-Q,1,1000,10000,10744.5623,10685.0,10981.0,11241.0,1140.349227103121,309747712,309747712,309530624,54.53,54.043,"[1800000000, 1800000000, 1800000000, 1800000000]","[1800000000, 1800000000, 1800000000, 1800000000]",throttled=0x0,throttled=0x0,corrected_replacement/raw/block-26-observed_support-Tabular-Q.npy,6c77bd6d5c1867c5ec2f156f8ecbdd3826f717b2ea75b37b4c91e4f7f7b72390,a89c52c9839fe4c97bbd81cdc97cd9d4bd58c9dab8a42dda728c225855501c17,true,
observed_support,26,p1b-r1-observed_support-b26-CFSM,CFSM,2,1000,10000,6580.3422,6537.0,6944.0,7185.0,655.4435337401325,309747712,309747712,309530624,54.53,55.017,"[1800000000, 1800000000, 1800000000, 1800000000]","[1800000000, 1800000000, 1800000000, 1800000000]",throttled=0x0,throttled=0x0,corrected_replacement/raw/block-26-observed_support-CFSM.npy,6c77bd6d5c1867c5ec2f156f8ecbdd3826f717b2ea75b37b4c91e4f7f7b72390,,true,
observed_support,26,p1b-r1-observed_support-b26-DQN,DQN,3,1000,10000,1575819.9901,1565415.0,1640062.0,1660136.49,57382.00831408934,309747712,309747712,309530624,54.53,54.53,"[1800000000, 1800000000, 1800000000, 1800000000]","[1800000000, 1800000000, 1800000000, 1800000000]",throttled=0x0,throttled=0x0,corrected_replacement/raw/block-26-observed_support-DQN.npy,6c77bd6d5c1867c5ec2f156f8ecbdd3826f717b2ea75b37b4c91e4f7f7b72390,123c380bb3d78c9ac8d34614eb1f0fcc30caaee79b420a78652f39c90a88a471,true,
observed_support,26,p1b-r1-observed_support-b26-Static-LightLR,Static-LightLR,4,1000,10000,700.5509,648.0,944.0,1130.0,342.32909506806897,309747712,309747712,309530624,54.53,53.556,"[1800000000, 1800000000, 1800000000, 1800000000]","[1800000000, 1800000000, 1800000000, 1800000000]",throttled=0x0,throttled=0x0,corrected_replacement/raw/block-26-observed_support-Static-LightLR.npy,6c77bd6d5c1867c5ec2f156f8ecbdd3826f717b2ea75b37b4c91e4f7f7b72390,,true,
exhaustive_324,27,p1b-r1-exhaustive_324-b27-CFSM,CFSM,1,1000,10000,6168.8022,6110.5,6519.0,6648.0,513.3056235241089,309747712,309747712,309530624,54.043,54.53,"[1800000000, 1800000000, 1800000000, 1800000000]","[1800000000, 1800000000, 1800000000, 1800000000]",throttled=0x0,throttled=0x0,corrected_replacement/raw/block-27-exhaustive_324-CFSM.npy,6c77bd6d5c1867c5ec2f156f8ecbdd3826f717b2ea75b37b4c91e4f7f7b72390,,true,
exhaustive_324,27,p1b-r1-exhaustive_324-b27-DQN,DQN,2,1000,10000,1562294.6783,1551239.0,1628729.9,1650100.23,43324.5434134557,309747712,309747712,309530624,55.017,55.017,"[1800000000, 1800000000, 1800000000, 1800000000]","[1800000000, 1800000000, 1800000000, 1800000000]",throttled=0x0,throttled=0x0,corrected_replacement/raw/block-27-exhaustive_324-DQN.npy,6c77bd6d5c1867c5ec2f156f8ecbdd3826f717b2ea75b37b4c91e4f7f7b72390,123c380bb3d78c9ac8d34614eb1f0fcc30caaee79b420a78652f39c90a88a471,true,
exhaustive_324,27,p1b-r1-exhaustive_324-b27-Tabular-Q,Tabular-Q,3,1000,10000,10376.2987,10333.0,10556.0,10833.0,729.157642190649,309747712,309747712,309530624,54.043,54.53,"[1800000000, 1800000000, 1800000000, 1800000000]","[1800000000, 1800000000, 1800000000, 1800000000]",throttled=0x0,throttled=0x0,corrected_replacement/raw/block-27-exhaustive_324-Tabular-Q.npy,6c77bd6d5c1867c5ec2f156f8ecbdd3826f717b2ea75b37b4c91e4f7f7b72390,a89c52c9839fe4c97bbd81cdc97cd9d4bd58c9dab8a42dda728c225855501c17,true,
exhaustive_324,27,p1b-r1-exhaustive_324-b27-Static-LightLR,Static-LightLR,4,1000,10000,615.5442,611.0,667.0,760.0,179.26339275702188,309747712,309747712,309530624,54.043,54.043,"[1800000000, 1800000000, 1800000000, 1800000000]","[1800000000, 1800000000, 1800000000, 1800000000]",throttled=0x0,throttled=0x0,corrected_replacement/raw/block-27-exhaustive_324-Static-LightLR.npy,6c77bd6d5c1867c5ec2f156f8ecbdd3826f717b2ea75b37b4c91e4f7f7b72390,,true,
observed_support,27,p1b-r1-observed_support-b27-CFSM,CFSM,1,1000,10000,6578.428,6537.0,6926.0,7166.0,744.8172571111984,309747712,309747712,309530624,53.556,54.53,"[1800000000, 1800000000, 1800000000, 1800000000]","[1800000000, 1800000000, 1800000000, 1800000000]",throttled=0x0,throttled=0x0,corrected_replacement/raw/block-27-observed_support-CFSM.npy,6c77bd6d5c1867c5ec2f156f8ecbdd3826f717b2ea75b37b4c91e4f7f7b72390,,true,
observed_support,27,p1b-r1-observed_support-b27-DQN,DQN,2,1000,10000,1583037.3797,1553045.0,1633969.95,1714215.3700000006,272074.1869758497,309747712,309747712,309530624,54.043,55.991,"[1800000000, 1800000000, 1800000000, 1800000000]","[1800000000, 1800000000, 1800000000, 1800000000]",throttled=0x0,throttled=0x0,corrected_replacement/raw/block-27-observed_support-DQN.npy,6c77bd6d5c1867c5ec2f156f8ecbdd3826f717b2ea75b37b4c91e4f7f7b72390,123c380bb3d78c9ac8d34614eb1f0fcc30caaee79b420a78652f39c90a88a471,true,
observed_support,27,p1b-r1-observed_support-b27-Tabular-Q,Tabular-Q,3,1000,10000,10782.2862,10740.0,11037.0,11278.180000000004,769.972715157991,309747712,309747712,309530624,54.043,54.043,"[1800000000, 1800000000, 1800000000, 1800000000]","[1800000000, 1800000000, 1800000000, 1800000000]",throttled=0x0,throttled=0x0,corrected_replacement/raw/block-27-observed_support-Tabular-Q.npy,6c77bd6d5c1867c5ec2f156f8ecbdd3826f717b2ea75b37b4c91e4f7f7b72390,a89c52c9839fe4c97bbd81cdc97cd9d4bd58c9dab8a42dda728c225855501c17,true,
observed_support,27,p1b-r1-observed_support-b27-Static-LightLR,Static-LightLR,4,1000,10000,709.2533,685.0,889.0,1056.0,462.5197556770404,309747712,309747712,309530624,54.043,54.53,"[1800000000, 1800000000, 1800000000, 1800000000]","[1800000000, 1800000000, 1800000000, 1800000000]",throttled=0x0,throttled=0x0,corrected_replacement/raw/block-27-observed_support-Static-LightLR.npy,6c77bd6d5c1867c5ec2f156f8ecbdd3826f717b2ea75b37b4c91e4f7f7b72390,,true,
exhaustive_324,28,p1b-r1-exhaustive_324-b28-Static-LightLR,Static-LightLR,1,1000,10000,643.0967,630.0,722.0,833.0,78.1182859244209,309747712,309747712,309530624,54.53,54.043,"[1800000000, 1800000000, 1800000000, 1800000000]","[1800000000, 1800000000, 1800000000, 1800000000]",throttled=0x0,throttled=0x0,corrected_replacement/raw/block-28-exhaustive_324-Static-LightLR.npy,6c77bd6d5c1867c5ec2f156f8ecbdd3826f717b2ea75b37b4c91e4f7f7b72390,,true,
exhaustive_324,28,p1b-r1-exhaustive_324-b28-Tabular-Q,Tabular-Q,2,1000,10000,10485.2097,10444.0,10667.0,10962.0,857.7664103049119,309747712,309747712,309530624,53.556,53.069,"[1800000000, 1800000000, 1800000000, 1800000000]","[1800000000, 1800000000, 1800000000, 1800000000]",throttled=0x0,throttled=0x0,corrected_replacement/raw/block-28-exhaustive_324-Tabular-Q.npy,6c77bd6d5c1867c5ec2f156f8ecbdd3826f717b2ea75b37b4c91e4f7f7b72390,a89c52c9839fe4c97bbd81cdc97cd9d4bd58c9dab8a42dda728c225855501c17,true,
exhaustive_324,28,p1b-r1-exhaustive_324-b28-DQN,DQN,3,1000,10000,1572974.2587,1563128.0,1638305.75,1654395.55,44358.35930141652,309747712,309747712,309530624,54.53,54.53,"[1800000000, 1800000000, 1800000000, 1800000000]","[1800000000, 1800000000, 1800000000, 1800000000]",throttled=0x0,throttled=0x0,corrected_replacement/raw/block-28-exhaustive_324-DQN.npy,6c77bd6d5c1867c5ec2f156f8ecbdd3826f717b2ea75b37b4c91e4f7f7b72390,123c380bb3d78c9ac8d34614eb1f0fcc30caaee79b420a78652f39c90a88a471,true,
exhaustive_324,28,p1b-r1-exhaustive_324-b28-CFSM,CFSM,4,1000,10000,6257.9669,6203.0,6630.0,6760.0,516.6622453711605,309747712,309747712,309530624,54.53,54.043,"[1800000000, 1800000000, 1800000000, 1800000000]","[1800000000, 1800000000, 1800000000, 1800000000]",throttled=0x0,throttled=0x0,corrected_replacement/raw/block-28-exhaustive_324-CFSM.npy,6c77bd6d5c1867c5ec2f156f8ecbdd3826f717b2ea75b37b4c91e4f7f7b72390,,true,
observed_support,28,p1b-r1-observed_support-b28-Static-LightLR,Static-LightLR,1,1000,10000,702.7624,667.0,871.0,1037.0,571.4679999035216,309747712,309747712,309530624,53.556,54.53,"[1800000000, 1800000000, 1800000000, 1800000000]","[1800000000, 1800000000, 1800000000, 1800000000]",throttled=0x0,throttled=0x0,corrected_replacement/raw/block-28-observed_support-Static-LightLR.npy,6c77bd6d5c1867c5ec2f156f8ecbdd3826f717b2ea75b37b4c91e4f7f7b72390,,true,
observed_support,28,p1b-r1-observed_support-b28-Tabular-Q,Tabular-Q,2,1000,10000,10788.1756,10740.0,11037.0,11278.0,852.2216258313288,309747712,309747712,309530624,54.53,54.043,"[1800000000, 1800000000, 1800000000, 1800000000]","[1800000000, 1800000000, 1800000000, 1800000000]",throttled=0x0,throttled=0x0,corrected_replacement/raw/block-28-observed_support-Tabular-Q.npy,6c77bd6d5c1867c5ec2f156f8ecbdd3826f717b2ea75b37b4c91e4f7f7b72390,a89c52c9839fe4c97bbd81cdc97cd9d4bd58c9dab8a42dda728c225855501c17,true,
observed_support,28,p1b-r1-observed_support-b28-DQN,DQN,3,1000,10000,1577626.1765,1566739.0,1642543.95,1663190.75,46430.8202767548,309747712,309747712,309530624,55.017,55.017,"[1800000000, 1800000000, 1800000000, 1800000000]","[1800000000, 1800000000, 1800000000, 1800000000]",throttled=0x0,throttled=0x0,corrected_replacement/raw/block-28-observed_support-DQN.npy,6c77bd6d5c1867c5ec2f156f8ecbdd3826f717b2ea75b37b4c91e4f7f7b72390,123c380bb3d78c9ac8d34614eb1f0fcc30caaee79b420a78652f39c90a88a471,true,
observed_support,28,p1b-r1-observed_support-b28-CFSM,CFSM,4,1000,10000,6619.774,6574.0,6944.0,7167.0,764.5474368555035,309747712,309747712,309530624,55.017,54.53,"[1800000000, 1800000000, 1800000000, 1800000000]","[1800000000, 1800000000, 1800000000, 1800000000]",throttled=0x0,throttled=0x0,corrected_replacement/raw/block-28-observed_support-CFSM.npy,6c77bd6d5c1867c5ec2f156f8ecbdd3826f717b2ea75b37b4c91e4f7f7b72390,,true,
exhaustive_324,29,p1b-r1-exhaustive_324-b29-DQN,DQN,1,1000,10000,1571849.7237,1561155.5,1638395.9,1656677.81,44806.57647688245,309747712,309747712,309530624,54.53,55.017,"[1800000000, 1800000000, 1800000000, 1800000000]","[1800000000, 1800000000, 1800000000, 1800000000]",throttled=0x0,throttled=0x0,corrected_replacement/raw/block-29-exhaustive_324-DQN.npy,6c77bd6d5c1867c5ec2f156f8ecbdd3826f717b2ea75b37b4c91e4f7f7b72390,123c380bb3d78c9ac8d34614eb1f0fcc30caaee79b420a78652f39c90a88a471,true,
exhaustive_324,29,p1b-r1-exhaustive_324-b29-Tabular-Q,Tabular-Q,2,1000,10000,10409.2086,10370.0,10592.0,10833.0,665.2153547783329,309747712,309747712,309530624,55.017,53.556,"[1800000000, 1800000000, 1800000000, 1800000000]","[1800000000, 1800000000, 1800000000, 1800000000]",throttled=0x0,throttled=0x0,corrected_replacement/raw/block-29-exhaustive_324-Tabular-Q.npy,6c77bd6d5c1867c5ec2f156f8ecbdd3826f717b2ea75b37b4c91e4f7f7b72390,a89c52c9839fe4c97bbd81cdc97cd9d4bd58c9dab8a42dda728c225855501c17,true,
exhaustive_324,29,p1b-r1-exhaustive_324-b29-Static-LightLR,Static-LightLR,3,1000,10000,642.0935,630.0,704.0,834.0,80.40468424833782,309747712,309747712,309530624,53.556,54.043,"[1800000000, 1800000000, 1800000000, 1800000000]","[1800000000, 1800000000, 1800000000, 1800000000]",throttled=0x0,throttled=0x0,corrected_replacement/raw/block-29-exhaustive_324-Static-LightLR.npy,6c77bd6d5c1867c5ec2f156f8ecbdd3826f717b2ea75b37b4c91e4f7f7b72390,,true,
exhaustive_324,29,p1b-r1-exhaustive_324-b29-CFSM,CFSM,4,1000,10000,6253.8236,6185.0,6648.0,6778.0,549.5250438882891,309747712,309747712,309530624,53.556,53.556,"[1800000000, 1800000000, 1800000000, 1800000000]","[1800000000, 1800000000, 1800000000, 1800000000]",throttled=0x0,throttled=0x0,corrected_replacement/raw/block-29-exhaustive_324-CFSM.npy,6c77bd6d5c1867c5ec2f156f8ecbdd3826f717b2ea75b37b4c91e4f7f7b72390,,true,
observed_support,29,p1b-r1-observed_support-b29-DQN,DQN,1,1000,10000,1575707.9548,1565285.0,1640469.95,1659359.4100000001,48758.48662292066,309747712,309747712,309530624,54.043,54.53,"[1800000000, 1800000000, 1800000000, 1800000000]","[1800000000, 1800000000, 1800000000, 1800000000]",throttled=0x0,throttled=0x0,corrected_replacement/raw/block-29-observed_support-DQN.npy,6c77bd6d5c1867c5ec2f156f8ecbdd3826f717b2ea75b37b4c91e4f7f7b72390,123c380bb3d78c9ac8d34614eb1f0fcc30caaee79b420a78652f39c90a88a471,true,
observed_support,29,p1b-r1-observed_support-b29-Tabular-Q,Tabular-Q,2,1000,10000,10721.4806,10666.0,10963.0,11222.0,1049.8017134618322,309747712,309747712,309530624,54.53,53.556,"[1800000000, 1800000000, 1800000000, 1800000000]","[1800000000, 1800000000, 1800000000, 1800000000]",throttled=0x0,throttled=0x0,corrected_replacement/raw/block-29-observed_support-Tabular-Q.npy,6c77bd6d5c1867c5ec2f156f8ecbdd3826f717b2ea75b37b4c91e4f7f7b72390,a89c52c9839fe4c97bbd81cdc97cd9d4bd58c9dab8a42dda728c225855501c17,true,
observed_support,29,p1b-r1-observed_support-b29-Static-LightLR,Static-LightLR,3,1000,10000,744.4379,704.0,982.0,1148.0,147.73452505280972,309747712,309747712,309530624,53.069,53.556,"[1800000000, 1800000000, 1800000000, 1800000000]","[1800000000, 1800000000, 1800000000, 1800000000]",throttled=0x0,throttled=0x0,corrected_replacement/raw/block-29-observed_support-Static-LightLR.npy,6c77bd6d5c1867c5ec2f156f8ecbdd3826f717b2ea75b37b4c91e4f7f7b72390,,true,
observed_support,29,p1b-r1-observed_support-b29-CFSM,CFSM,4,1000,10000,6603.5067,6574.0,6981.0,7204.0,723.3250627966357,309747712,309747712,309530624,53.556,52.095,"[1800000000, 1800000000, 1800000000, 1800000000]","[1800000000, 1800000000, 1800000000, 1800000000]",throttled=0x0,throttled=0x0,corrected_replacement/raw/block-29-observed_support-CFSM.npy,6c77bd6d5c1867c5ec2f156f8ecbdd3826f717b2ea75b37b4c91e4f7f7b72390,,true,
exhaustive_324,30,p1b-r1-exhaustive_324-b30-Static-LightLR,Static-LightLR,1,1000,10000,645.7842,648.0,704.0,889.0,116.47279777536968,309747712,309747712,309530624,52.095,53.556,"[1800000000, 1800000000, 1800000000, 1800000000]","[1800000000, 1800000000, 1800000000, 1800000000]",throttled=0x0,throttled=0x0,corrected_replacement/raw/block-30-exhaustive_324-Static-LightLR.npy,6c77bd6d5c1867c5ec2f156f8ecbdd3826f717b2ea75b37b4c91e4f7f7b72390,,true,
exhaustive_324,30,p1b-r1-exhaustive_324-b30-CFSM,CFSM,2,1000,10000,6325.6035,6259.0,6704.0,6834.170000000004,602.3191053903419,309747712,309747712,309530624,53.556,53.069,"[1800000000, 1800000000, 1800000000, 1800000000]","[1800000000, 1800000000, 1800000000, 1800000000]",throttled=0x0,throttled=0x0,corrected_replacement/raw/block-30-exhaustive_324-CFSM.npy,6c77bd6d5c1867c5ec2f156f8ecbdd3826f717b2ea75b37b4c91e4f7f7b72390,,true,
exhaustive_324,30,p1b-r1-exhaustive_324-b30-Tabular-Q,Tabular-Q,3,1000,10000,10536.6384,10499.0,10741.0,11037.180000000004,728.5185570555067,309747712,309747712,309530624,53.069,52.582,"[1800000000, 1800000000, 1800000000, 1800000000]","[1800000000, 1800000000, 1800000000, 1800000000]",throttled=0x0,throttled=0x0,corrected_replacement/raw/block-30-exhaustive_324-Tabular-Q.npy,6c77bd6d5c1867c5ec2f156f8ecbdd3826f717b2ea75b37b4c91e4f7f7b72390,a89c52c9839fe4c97bbd81cdc97cd9d4bd58c9dab8a42dda728c225855501c17,true,
exhaustive_324,30,p1b-r1-exhaustive_324-b30-DQN,DQN,4,1000,10000,1554659.981,1540267.0,1620717.4,1645858.74,42665.495708551716,309747712,309747712,309530624,55.504,54.53,"[1800000000, 1800000000, 1800000000, 1800000000]","[1800000000, 1800000000, 1800000000, 1800000000]",throttled=0x0,throttled=0x0,corrected_replacement/raw/block-30-exhaustive_324-DQN.npy,6c77bd6d5c1867c5ec2f156f8ecbdd3826f717b2ea75b37b4c91e4f7f7b72390,123c380bb3d78c9ac8d34614eb1f0fcc30caaee79b420a78652f39c90a88a471,true,
observed_support,30,p1b-r1-observed_support-b30-Static-LightLR,Static-LightLR,1,1000,10000,688.0883,667.0,852.0,1037.0,309.20232908427636,309747712,309747712,309530624,55.504,53.069,"[1800000000, 1800000000, 1800000000, 1800000000]","[1800000000, 1800000000, 1800000000, 1800000000]",throttled=0x0,throttled=0x0,corrected_replacement/raw/block-30-observed_support-Static-LightLR.npy,6c77bd6d5c1867c5ec2f156f8ecbdd3826f717b2ea75b37b4c91e4f7f7b72390,,true,
observed_support,30,p1b-r1-observed_support-b30-CFSM,CFSM,2,1000,10000,6584.9684,6555.0,6925.0,7185.0,771.3548883865479,309747712,309747712,309530624,53.069,55.017,"[1800000000, 1800000000, 1800000000, 1800000000]","[1800000000, 1800000000, 1800000000, 1800000000]",throttled=0x0,throttled=0x0,corrected_replacement/raw/block-30-observed_support-CFSM.npy,6c77bd6d5c1867c5ec2f156f8ecbdd3826f717b2ea75b37b4c91e4f7f7b72390,,true,
observed_support,30,p1b-r1-observed_support-b30-Tabular-Q,Tabular-Q,3,1000,10000,10770.8388,10722.0,11018.0,11259.0,875.8434871573572,309747712,309747712,309530624,53.556,53.556,"[1800000000, 1800000000, 1800000000, 1800000000]","[1800000000, 1800000000, 1800000000, 1800000000]",throttled=0x0,throttled=0x0,corrected_replacement/raw/block-30-observed_support-Tabular-Q.npy,6c77bd6d5c1867c5ec2f156f8ecbdd3826f717b2ea75b37b4c91e4f7f7b72390,a89c52c9839fe4c97bbd81cdc97cd9d4bd58c9dab8a42dda728c225855501c17,true,
observed_support,30,p1b-r1-observed_support-b30-DQN,DQN,4,1000,10000,1560685.1104,1547119.0,1627239.2,1652339.19,46228.031390259675,309747712,309747712,309530624,55.504,55.017,"[1800000000, 1800000000, 1800000000, 1800000000]","[1800000000, 1800000000, 1800000000, 1800000000]",throttled=0x0,throttled=0x0,corrected_replacement/raw/block-30-observed_support-DQN.npy,6c77bd6d5c1867c5ec2f156f8ecbdd3826f717b2ea75b37b4c91e4f7f7b72390,123c380bb3d78c9ac8d34614eb1f0fcc30caaee79b420a78652f39c90a88a471,true,
